Sample,Raw Reads,On-Target Reads,%On-Target,%GT,IFI,1,10,100,101,102,103,104,105,106,107,108,109,11,110,111,112,113,114,115,116,117,118,119,12,120,121,122,123,124,125,126,127,128,129,13,130,131,132,133,134,135,136,137,138,139,14,140,141,142,143,144,145,146,147,148,149,15,150,151,152,153,154,155,156,157,158,159,16,160,161,162,163,164,165,166,167,168,169,17,170,171,172,173,174,175,176,177,178,179,18,180,181,182,183,184,185,186,187,188,189,19,190,191,192,193,194,195,196,197,198,199,2,20,200,201,202,203,204,205,206,207,208,209,21,210,211,212,213,214,215,216,217,218,219,22,220,221,222,223,224,225,226,227,228,229,23,230,231,232,233,234,235,236,237,238,239,24,240,241,242,243,244,245,246,247,248,249,25,250,251,252,253,254,255,256,257,258,259,26,260,261,262,263,264,265,27,28,29,3,30,31,32,33,34,35,36,37,38,39,4,40,41,42,43,44,45,46,47,48,49,5,50,51,52,53,54,55,56,57,58,59,6,60,61,62,63,64,65,66,67,68,69,7,70,71,72,73,74,75,76,77,78,79,8,80,81,82,83,84,85,86,87,88,89,9,90,91,92,93,94,95,96,97,98,99,LocusName
65_S36_R1_001,364121,297792,81.78,92.11,2.04,41,53,46,5629,266,5659,1541,180,4989,120,154,1424,2742,231,150,6310,44,331,253,1810,39,31,194,3059,97,2072,1358,275,807,3292,28,3128,1912,2815,1470,17,1477,3797,298,370,356,44,153,1228,495,85,2698,132,665,213,2096,31,15,13,6045,117,61,5153,6654,98,12,37,181,4955,357,742,1010,712,95,1751,288,68,12,113,2123,456,2490,843,92,1454,809,55,2541,29,47,5974,80,1400,687,3362,166,99,471,2230,747,186,115,17,19,55,94,990,2496,93,20,2092,43,1448,120,288,2241,329,31,6427,217,3794,574,866,191,886,18,1358,14,122,5600,14,198,180,138,232,689,674,622,189,373,897,26,596,243,34,11,21,1577,948,2973,343,16,3685,4534,32,10,32,2115,1474,44,2,22,302,2250,6936,747,1980,7,7345,7891,43,10,107,75,30,619,795,161,228,211,186,14,340,1681,376,1,0,159,17,39,10,686,1390,6137,902,2540,197,7322,1769,153,729,108,28,71,1716,542,305,140,42,15,289,4798,33,3823,7409,161,31,3806,252,24,97,19,2057,142,1195,1678,174,4823,36,58,753,165,368,16,1293,1545,35,74,721,207,1664,53,1963,1370,146,31,351,478,45,1273,1227,37,404,365,32,1080,95,44,129,1981,188,4971,536,7932,33,92,309,563,1611,318,0
51_S82_R1_001,310494,263670,84.92,83.46,2.32,16,24,74,7466,125,6243,175,243,4593,29,62,1050,2257,431,479,8109,27,285,37,1195,25,13,100,2955,38,3211,1620,243,571,5385,18,5273,3438,3606,854,2,1580,1380,173,477,126,40,36,1329,442,57,3172,33,426,110,2751,22,7,5,7133,181,36,6857,7195,119,8,43,182,3845,429,1039,279,559,62,932,210,24,13,91,1812,230,1338,819,8,1774,523,12,1741,26,8,3765,70,850,422,1039,51,106,501,1560,247,22,28,9,18,43,54,820,3122,59,22,1218,31,627,222,247,1268,49,26,4247,55,2407,217,658,72,165,15,269,10,96,1759,22,119,172,68,146,260,501,1264,48,203,321,17,492,137,14,5,16,1210,197,1896,406,4,2277,3771,20,2,5,2167,1168,11,0,296,239,5121,6579,354,2279,3,5111,9381,30,12,104,20,15,806,230,84,97,119,122,3,199,678,105,0,0,66,4,46,0,994,1073,6085,766,3438,106,3381,1351,57,923,76,68,34,3772,205,205,159,92,6,362,3911,22,4312,4333,144,14,3668,257,2,25,13,4285,156,471,1555,99,3399,87,37,513,252,270,17,1048,1339,8,90,539,42,804,46,649,698,69,4,291,249,189,1584,2627,3,575,355,11,1133,94,14,381,2291,307,7635,468,2268,31,131,37,743,363,85,0
18_S34_R1_001,362528,301763,83.24,88.72,2.47,19,51,27,6141,219,6125,438,174,4913,124,179,1480,2263,241,154,8045,64,331,221,1657,136,15,258,3363,101,2047,1383,268,3199,4251,15,3179,2046,3358,1141,38,1816,3428,295,429,356,75,136,850,392,87,3106,80,759,279,2385,37,13,8,5888,181,31,5541,5213,109,13,26,134,3790,384,680,729,1189,31,1708,352,19,24,134,2502,307,2878,1048,66,1437,1074,60,2229,38,31,5120,76,786,695,3414,128,79,318,2342,594,161,85,10,32,83,84,650,2862,64,51,1587,43,1438,151,287,2142,214,21,6828,164,2813,572,738,125,804,13,965,15,103,5915,28,193,149,120,173,538,699,629,126,347,955,20,392,212,33,26,32,2478,622,2426,479,13,4319,5888,26,9,13,2159,1153,21,6,194,363,2532,8689,695,2227,22,8125,8763,40,23,91,49,37,522,689,147,153,159,218,13,362,1583,353,1,0,63,10,35,14,744,1563,5984,861,2592,134,6700,2092,143,849,94,66,48,2358,669,362,162,66,6,292,6007,18,3102,3747,142,24,4500,132,8,56,19,2404,121,771,1713,150,4076,34,64,667,133,285,16,1416,1412,14,62,913,182,1323,55,1696,1265,167,18,270,408,234,1393,1228,41,397,296,24,965,163,27,348,1714,394,7033,554,8396,49,185,239,534,1097,208,0
64_S7_R1_001,428862,359083,83.73,93.23,1.9,54,94,64,9011,378,7315,843,267,3525,137,273,658,2827,589,268,7808,57,338,209,3724,40,41,205,2825,141,2663,1601,166,879,4390,29,4573,3014,3787,1865,18,1607,4782,370,560,509,97,178,1820,697,97,3930,198,763,263,2686,34,29,28,7412,186,106,7967,6226,128,24,58,264,5058,409,917,1307,1333,167,3029,366,101,22,161,1947,385,3169,950,127,2474,796,65,2909,7,71,6684,83,1389,702,1376,232,159,807,403,829,188,85,23,29,140,102,1422,2792,120,37,2396,52,1758,266,424,4066,283,46,6765,220,3290,600,973,227,1036,14,949,27,138,5428,21,239,236,167,239,764,902,779,71,483,991,58,910,251,40,24,36,1509,1263,2836,549,27,3775,3609,30,2,25,2293,1973,40,3,35,380,4521,7213,908,2478,44,7759,9789,38,29,103,54,25,989,1144,189,223,274,159,22,581,2408,389,0,0,99,10,94,16,1350,1671,7533,1371,4069,284,8302,2008,162,1344,132,31,86,2506,614,252,179,88,17,237,5785,23,6580,9521,211,47,4605,382,24,74,10,3535,267,1248,2478,235,4639,101,97,1265,266,534,14,1715,1687,27,198,830,304,1696,57,2676,1813,238,34,467,606,63,1266,2228,36,492,342,28,1549,280,75,118,2469,288,8597,926,8119,74,140,382,725,1962,256,0
68_S92_R1_001,284263,243876,85.79,87.97,1.89,13,62,26,6542,157,5061,563,172,3912,74,130,1199,2184,276,129,5522,26,276,117,2802,52,12,151,2220,67,2149,928,115,720,3229,18,3732,2424,2876,1110,5,1068,3327,148,413,119,34,97,1259,377,3,2872,79,277,181,1965,24,9,16,5305,136,43,5295,4094,54,11,21,100,4491,241,773,604,881,49,2088,220,48,10,61,1080,200,1645,502,45,1660,431,28,2214,4,33,5305,44,1100,419,2382,152,59,483,1346,365,93,44,6,15,59,41,873,2113,48,7,1441,20,949,123,260,2283,130,21,4410,76,2223,391,634,79,571,7,457,9,50,2877,11,103,90,118,118,609,585,557,84,270,433,29,439,121,18,12,11,663,749,2686,187,7,2424,1892,19,6,4,2161,1758,18,2,18,139,3489,4625,417,1756,12,6132,5541,13,8,55,7,23,685,877,97,134,122,84,11,294,1972,221,0,0,45,9,14,2,902,1020,5228,944,1963,138,5431,1355,79,593,73,16,36,1833,270,223,103,38,4,254,3421,11,4213,6414,97,19,3360,210,8,62,2,2527,115,783,1872,115,3160,60,36,576,150,321,2,961,1176,12,60,606,120,1159,28,1752,862,121,26,255,329,33,774,1735,16,305,180,14,857,177,29,103,2115,365,5567,571,5044,39,55,144,303,1173,136,0
2_S2150_R1_001,294301,189882,64.52,83.83,1.64,16,47,12,7140,171,4372,227,166,2500,47,202,1809,1853,361,64,5661,6,156,30,3355,18,4,131,689,49,2232,435,127,934,2936,12,2760,1820,3176,927,9,742,2828,109,519,67,310,31,948,404,14,3315,125,177,92,1083,43,7,3,5818,66,16,4786,4835,48,5,119,95,4119,205,271,186,200,69,2250,341,39,1,132,641,186,1050,374,16,1764,247,10,1359,1,22,1821,19,532,329,674,122,31,179,52,204,16,11,6,19,47,53,888,1354,82,30,690,25,425,72,242,2031,57,21,3851,18,1134,168,542,86,159,5,131,4,59,697,3,165,99,110,69,381,501,452,42,410,198,22,199,45,16,23,16,534,629,1830,439,2,1428,953,11,0,7,842,905,7,0,34,246,4448,5105,236,1481,5,3597,5451,20,11,37,12,18,527,183,39,123,125,24,8,252,945,74,1,0,7,4,4,1,832,860,3784,582,1029,181,1573,1414,32,496,65,5,30,2270,325,302,201,45,2,138,2227,3,4806,1264,35,15,2373,122,8,4,2,3019,228,274,689,55,1996,33,11,411,67,224,4,628,985,4,554,454,196,327,26,796,629,173,17,196,353,159,736,2147,22,208,168,3,583,159,19,71,839,240,7723,284,2922,23,147,102,189,920,60,0
15_S85_R1_001,289333,254021,87.8,88.72,2.46,898,728,270,6610,525,3080,2311,2773,1725,217,1426,672,1464,942,79,2804,92,268,148,5168,37,37,790,483,532,3133,106,531,261,1476,145,1550,3163,2774,668,116,887,2141,326,3613,1433,16,112,2868,1230,304,4201,717,207,290,2013,77,870,49,3247,147,70,3897,2106,49,40,52,673,4015,242,1883,1290,1111,420,4259,238,934,4,134,286,309,1123,245,45,2571,213,113,1191,5,274,2020,77,110,369,459,301,126,1091,443,303,66,112,20,37,87,85,2203,1401,96,7,1309,119,2671,1742,769,3634,491,417,1185,23,301,90,875,55,239,24,211,35,151,491,27,296,2835,632,678,550,1250,1069,130,334,189,44,989,195,147,106,117,177,5994,880,660,23,1033,273,24,7,32,2224,1897,68,23,3,167,4624,641,486,1069,27,973,3935,9,32,38,21,16,1975,442,174,542,397,57,127,214,3230,247,0,0,81,41,160,22,4123,1471,3083,1642,2693,1058,1289,459,161,1256,708,18,878,1910,193,266,101,220,68,1446,1260,69,6241,3419,526,23,1783,1006,87,115,8,3148,1996,853,1977,1416,1417,2414,309,976,2747,1301,1,476,594,91,214,543,110,989,60,1584,1780,351,164,2217,588,44,372,1640,56,901,639,30,1016,448,1037,75,2264,933,4041,2571,1059,115,47,212,1208,1891,86,0
57_S10_R1_001,475437,389172,81.86,94.36,1.49,31,87,61,7920,385,7513,2370,230,5999,171,358,870,3417,375,355,9726,90,429,384,2799,150,31,465,3673,146,2756,1808,429,4012,4772,31,3899,1511,4839,1378,26,1871,5025,455,764,480,79,173,1234,687,143,4320,227,1055,242,3589,67,28,22,8311,161,101,7776,8871,177,32,84,229,5454,583,934,1152,1453,142,2555,473,16,27,149,3211,384,3814,1412,97,2388,1300,68,3629,23,68,6657,121,1186,1098,148,214,141,799,699,755,245,125,43,55,187,176,815,3449,120,83,2277,65,1765,273,367,2708,379,25,7113,224,5441,974,1251,274,1282,26,1429,26,171,6549,34,264,140,201,265,995,891,923,219,560,1543,41,597,349,44,37,36,2931,1064,2548,441,29,5384,6887,65,25,36,2026,1880,51,4,324,432,3295,9513,1324,3067,33,9781,10477,78,35,154,60,52,673,944,261,246,268,338,17,421,2350,458,0,0,179,32,69,11,1069,2173,7290,1493,3479,224,7525,2761,203,1032,131,100,61,2612,1021,548,191,65,10,495,6869,51,4062,6082,220,39,6056,327,38,92,39,3219,172,1227,2202,247,5291,60,51,961,217,461,36,1687,1763,35,121,1562,312,1877,97,2624,1814,191,19,412,600,444,1833,1510,41,700,388,17,1287,224,47,632,2164,31,8702,844,9047,47,287,391,872,1557,323,0
27_S78_R1_001,314480,269323,85.64,91.35,1.83,18,48,26,4515,220,5785,456,185,5253,108,149,650,2575,178,166,6056,33,319,143,1930,53,19,227,2860,97,1940,1301,117,1230,3680,14,3290,1864,3301,1109,37,1506,3374,285,426,340,42,125,999,433,37,2684,116,715,241,2030,20,14,16,5466,188,43,5162,4843,68,30,29,166,3390,322,697,707,992,75,1651,204,15,11,117,2080,294,2501,724,84,1517,1014,24,2762,31,22,5820,51,642,675,3273,166,78,271,2256,593,113,61,8,38,104,59,818,2566,87,17,1806,42,1132,133,281,2165,206,25,5746,100,3529,515,750,226,904,8,995,17,105,2774,28,147,131,120,186,506,668,546,149,382,774,19,476,193,26,15,10,1594,630,2418,313,15,3627,3587,25,11,18,2183,1157,26,0,27,255,2460,6172,641,2018,28,7471,7300,46,13,95,55,31,538,805,132,152,154,157,5,474,1466,264,0,0,83,17,54,7,654,1057,5958,896,2417,172,7144,1698,116,735,86,42,46,1630,504,219,100,33,10,233,4450,23,3628,3657,120,13,3833,112,18,64,20,2590,131,865,1551,106,3882,43,68,855,136,334,6,1260,1370,20,111,730,160,1192,38,1641,1105,168,23,247,377,77,1149,1016,24,370,501,12,1082,222,38,172,1653,193,5470,473,7284,39,140,221,372,1233,246,0
58_S27_R1_001,400017,342314,85.57,90.23,1.77,41,74,53,6312,313,6938,2027,260,5416,101,176,833,3360,530,234,8448,68,396,183,3502,81,23,261,3287,113,2513,1438,310,2037,4620,34,4452,3040,3972,1339,40,2418,4696,277,659,481,67,136,1868,552,76,3830,180,561,244,2216,30,29,28,7415,139,26,6843,7413,96,8,20,195,4460,393,999,960,1243,131,2829,315,72,29,119,1851,368,2362,800,106,2098,764,51,3393,3,58,7163,46,1644,685,3507,182,102,470,2153,743,110,45,18,34,125,87,1382,3204,96,14,2126,39,1545,183,350,1243,207,25,6824,105,1958,620,904,209,693,19,775,18,88,5011,15,175,160,155,236,625,801,707,177,424,894,43,529,198,26,22,17,1298,1131,2665,314,9,3814,3200,19,9,14,2627,1872,34,2,11,302,4269,6704,775,2496,19,8321,9363,40,23,76,30,27,799,852,130,203,256,127,15,380,2493,311,1,0,90,4,63,4,1191,1954,9098,1238,2893,264,8057,2154,134,984,113,25,66,1894,457,283,166,54,9,387,5567,32,6330,6697,223,22,4266,351,24,69,7,3851,221,1001,2077,180,4832,77,62,1149,179,496,11,1239,1656,15,135,666,207,1554,35,2018,1512,272,25,398,531,54,1195,1788,23,466,326,22,1154,213,57,220,2497,22,8275,701,7072,42,176,274,590,1674,185,0
52_S93_R1_001,375250,310275,82.68,93.23,1.9,41,52,37,6181,253,6109,522,170,5187,98,164,1451,2815,404,179,7452,66,377,239,2419,117,46,247,3387,96,2155,1305,256,1266,3815,39,3425,2123,2974,1332,15,2162,3893,330,329,298,58,198,1255,479,64,2889,137,708,292,2395,36,14,31,6595,169,52,5655,6744,98,20,45,220,4263,382,805,996,1036,41,1866,336,66,19,153,1981,389,2529,990,121,1680,966,71,2338,22,37,6346,76,1552,769,3518,163,93,322,412,772,164,71,12,33,56,97,964,2340,98,37,2287,34,1557,144,326,2105,265,39,6744,230,2368,521,842,190,1264,6,1199,24,135,5289,27,183,139,147,211,604,696,646,177,449,1116,33,580,251,37,12,25,2612,758,3165,255,21,3649,4347,28,4,25,1504,1456,31,2,39,274,2561,7691,721,2207,15,8761,6019,37,36,133,76,41,670,853,148,174,223,176,17,369,2119,319,0,0,176,15,49,7,690,1830,5737,1001,3511,178,7128,1761,153,981,94,40,72,1840,534,360,102,65,16,354,5144,20,4329,7859,194,13,4489,288,26,74,16,2486,149,1240,1954,149,4680,46,74,968,174,347,13,1426,1581,27,75,939,169,1834,43,2037,1461,209,40,287,497,70,1355,1024,36,403,263,16,1018,195,48,180,2100,201,5241,673,9157,45,116,316,558,1551,258,0
54_S14_R1_001,413715,360763,87.2,95.11,1.14,35,97,39,9209,282,7393,841,293,5807,121,260,888,3413,242,289,9383,53,327,176,3882,41,21,267,2944,116,2999,1464,332,1743,5633,32,5217,3409,5189,1552,11,2493,5644,384,811,412,93,96,1775,655,72,4946,155,694,222,3043,30,34,24,7418,203,52,8423,6436,92,13,46,204,4683,422,906,846,2126,115,3125,232,86,11,137,1617,351,2602,929,69,3254,822,51,2674,4,52,6549,52,837,735,3097,195,89,482,4416,588,124,46,10,29,63,92,1353,3001,81,15,2017,52,1566,224,401,3478,220,48,6634,67,768,283,958,154,656,17,668,12,114,4429,21,198,256,182,212,625,901,763,78,455,713,41,580,223,41,22,18,1935,1088,3004,399,19,4106,3159,28,7,24,2605,1787,30,5,54,318,4669,7374,733,2658,19,7582,6844,28,12,86,30,35,991,1111,139,176,211,139,23,661,2418,239,0,0,63,17,43,6,1196,1670,7975,1349,3214,259,6691,2482,141,961,93,43,67,3165,678,314,168,64,14,157,5265,24,6585,8359,154,43,4370,364,20,42,14,4254,201,978,2251,165,4842,72,72,1029,204,418,14,1644,1945,22,156,1010,161,1509,50,2111,1671,304,39,405,445,97,1348,1797,18,499,502,18,1487,245,52,108,2683,289,9835,676,7725,62,225,254,548,1819,155,0
62_S42_R1_001,419469,344548,82.14,93.23,1.96,14,46,33,5308,285,6295,1346,187,6807,118,162,735,3264,490,15,7337,58,436,264,1751,42,32,158,3405,102,2439,1575,222,937,3630,19,3609,930,3232,1336,15,2446,4227,260,327,273,72,169,917,452,63,2757,151,818,255,2623,49,26,31,6735,153,39,6240,7628,75,16,35,178,5616,376,648,832,1075,60,1613,281,43,26,121,2575,394,2810,1162,136,1636,1274,69,2542,7,23,7192,89,1878,858,2395,197,104,296,5021,922,220,69,15,33,104,83,962,2689,117,30,2112,42,1346,124,309,2545,249,26,7898,200,3223,759,1044,319,1369,14,1466,31,127,6810,30,181,83,123,177,626,770,663,166,482,1363,29,459,227,25,14,37,3824,807,3229,266,30,4691,6820,27,19,38,1369,1392,30,4,13,246,2247,10217,713,2170,22,10959,8489,29,24,108,45,46,587,1009,122,227,227,260,10,523,1643,296,0,0,137,20,41,16,623,1737,7225,974,3727,212,9239,1650,134,852,94,35,34,1524,678,358,123,36,7,262,6550,18,4101,8397,145,27,5881,228,18,54,13,2190,92,1246,2010,123,5261,27,56,931,119,356,21,1705,1568,21,90,969,199,1853,50,2136,1433,221,25,242,473,55,1570,1017,19,358,210,21,1294,252,33,285,1950,185,5269,510,11469,59,142,319,472,1653,331,0
50_S23_R1_001,378852,321256,84.8,92.86,1.57,36,48,37,8334,232,6435,580,216,4883,115,291,1879,2580,244,195,6840,29,301,132,3061,35,25,290,2828,95,2787,1658,143,1083,4458,26,4144,2552,4426,1341,3,2216,4153,245,747,255,56,156,1498,523,83,4100,145,544,247,2225,33,15,17,6715,187,61,6995,5920,104,19,38,200,4501,447,797,942,1392,95,2685,299,24,13,114,1751,348,2592,778,78,2536,785,39,2394,51,57,6138,61,848,718,3139,203,90,459,2056,557,110,78,24,21,137,87,1278,2866,91,22,1901,32,1328,174,319,3072,188,26,5814,114,3194,392,944,221,830,16,737,19,102,3720,25,213,136,154,186,647,845,693,139,384,807,28,715,179,28,14,25,1774,1326,2515,382,11,3704,3125,33,5,9,2873,1730,24,6,59,275,4094,6321,548,2453,33,7657,9874,26,21,102,33,26,709,888,110,199,225,125,15,420,1946,323,3,0,74,12,56,13,966,1418,7250,1070,3278,201,7252,2110,123,814,102,34,57,2558,497,231,147,64,6,366,5329,20,5148,7913,149,31,3852,295,24,53,13,3003,168,951,1670,140,4055,56,54,796,141,483,16,1388,1586,18,129,888,182,1423,25,1819,1406,276,19,353,556,88,1071,1512,52,467,311,15,1244,229,33,236,2182,21,8080,718,5465,53,152,239,401,1428,209,0
12_S49_R1_001,492222,17349,3.52,55.64,18.93,39,34,10,264,34,207,124,51,168,29,41,48,140,38,25,208,10,34,13,188,10,10,47,100,13,151,49,33,71,164,10,123,120,170,87,8,88,153,48,101,42,4,17,118,80,12,173,18,47,37,139,13,40,12,202,21,3,279,252,7,5,135,52,218,31,98,80,40,28,176,29,18,6,22,80,29,121,67,8,144,37,11,123,5,13,188,6,56,34,98,28,17,74,56,43,16,11,3,2,15,11,95,112,21,4,100,14,79,59,52,143,44,34,190,12,89,40,45,26,57,10,49,6,20,130,4,23,56,25,28,45,59,54,13,50,61,11,54,28,20,16,10,70,189,102,39,6,140,105,4,0,4,138,110,11,3,2,19,211,154,67,113,4,212,274,6,6,7,11,7,73,49,8,31,25,13,15,27,132,23,0,0,11,9,19,6,132,110,207,86,127,50,168,114,18,80,24,10,43,111,37,24,6,14,8,58,174,11,275,198,27,3,176,41,6,13,3,159,54,49,116,48,172,73,12,78,62,51,531,97,72,13,37,48,24,72,11,102,86,37,17,64,54,23,53,123,17,69,36,5,85,38,30,30,109,54,222,98,176,23,5,28,69,91,18,0
13_S51_R1_001,354603,297866,84,92.48,1.66,75,66,63,5590,266,5576,1083,341,2843,126,226,542,2841,282,132,6718,57,367,218,3468,142,14,360,2125,141,2373,1075,378,1559,3516,27,3619,3190,3714,1177,30,1653,4062,240,1342,582,56,125,1951,655,83,4203,176,448,254,2929,29,39,20,5917,143,29,6194,6023,102,24,39,272,5176,369,1128,1225,1030,96,2760,304,50,12,102,1380,310,2221,721,68,2390,602,54,2909,9,52,5588,64,1740,662,1074,166,94,701,363,570,117,74,17,22,134,63,1234,2563,73,24,1953,54,1637,263,498,3119,322,57,4023,90,489,522,847,110,666,8,674,17,120,3757,18,178,335,148,294,638,762,711,122,371,671,45,1023,238,38,25,34,1089,1294,2171,321,21,2935,2578,23,12,20,2978,1789,41,3,19,233,4412,5164,889,2261,23,5804,6257,37,17,79,44,13,803,700,137,258,183,142,19,318,2239,303,0,0,141,16,58,10,1331,1533,6671,1334,2544,255,5398,1909,168,935,120,36,102,2706,519,263,145,78,15,217,3980,28,5424,8060,179,29,3987,448,25,69,8,3746,335,1108,2126,283,3517,96,76,740,328,484,5,1257,1460,20,51,812,183,1365,47,1853,1441,230,40,456,417,180,843,1770,11,613,300,14,1403,301,102,391,2348,267,7913,910,5469,42,148,278,775,1648,196,0
66_S45_R1_001,430041,373687,86.9,93.61,1.39,36,94,40,9351,289,7503,793,222,5907,141,224,1830,3504,596,307,8810,79,456,173,4500,47,28,286,3051,125,2873,1531,382,1430,5053,17,5020,3184,5168,1846,6,2172,5030,282,837,540,68,116,1965,669,107,4160,217,721,288,3209,53,43,21,7873,131,102,7919,6232,130,27,20,260,6059,403,1147,943,1534,62,2721,359,30,24,166,2092,408,3302,942,97,2523,912,50,2946,5,66,6605,66,761,782,3450,204,101,511,4356,845,135,63,19,20,115,83,1369,2991,91,19,2768,53,1618,249,480,3431,287,45,6751,97,2082,656,992,258,1088,17,943,18,153,5609,14,219,183,194,192,971,928,841,127,520,785,45,617,215,35,16,30,1453,1607,3109,404,18,4156,4120,27,4,14,3590,1771,34,0,62,306,2993,7547,767,2942,28,7762,9518,32,19,91,61,33,978,929,144,224,272,130,23,409,2693,309,2,0,76,11,29,11,1432,2338,7134,1555,4334,297,6846,1882,168,1161,121,27,118,2123,665,326,147,92,10,410,5382,31,6889,8562,156,31,4633,444,20,54,18,3738,227,1030,2252,217,4304,70,107,1093,256,512,12,2098,2026,25,183,801,169,1688,44,2562,1664,218,35,454,570,148,1320,2097,36,568,485,19,1667,226,71,379,2580,14,8928,801,7590,90,231,270,698,1773,229,0
23_S6_R1_001,461483,377476,81.8,94.74,1.48,40,65,46,7731,305,7554,607,257,6573,138,242,953,3661,506,204,7823,70,417,326,2617,156,37,229,4130,125,2791,1809,301,902,4520,30,4388,2650,3734,1805,36,1554,4999,477,322,385,83,175,1494,600,99,3438,147,872,348,2860,48,17,25,8523,171,81,7196,6766,118,11,46,235,6687,483,829,1132,1136,101,2328,367,58,21,149,2608,492,3437,1104,118,1876,1191,77,3148,22,40,8069,93,1679,961,4388,206,130,733,2876,833,225,125,21,22,146,77,1242,3287,97,26,2485,56,1771,157,365,2689,290,39,9003,251,4989,661,1101,229,1467,23,1431,14,140,6858,40,239,135,169,206,701,988,778,200,606,1286,52,673,272,38,20,21,2522,676,3966,518,13,4935,5408,45,15,31,2817,1874,60,3,31,315,3128,9460,930,2631,26,11141,7102,47,38,143,33,55,770,1016,162,249,340,228,16,472,2271,363,0,0,162,14,56,12,941,1670,8119,1217,3308,249,9812,2322,182,1289,120,41,57,2122,738,448,161,62,8,335,6401,21,5584,3168,182,31,4917,322,25,122,22,2951,187,1342,2192,168,5587,61,60,1032,215,453,16,2412,1841,16,120,1064,311,2040,62,2529,1677,222,48,380,618,54,1573,1584,37,463,374,20,1587,315,67,185,2517,270,6647,620,10323,41,119,306,512,1867,350,0
38_S48_R1_001,265651,224854,84.64,90.23,2.62,543,177,192,5533,546,2310,3725,2158,1190,230,1087,649,755,1107,670,2491,148,206,58,3161,40,41,1052,505,661,2370,731,1312,667,1769,309,1011,2854,2292,837,56,503,1930,289,3128,1012,14,94,2598,778,388,3795,479,101,333,1628,64,464,86,3076,322,89,4093,2594,367,29,90,970,3018,712,1555,1266,504,222,3791,365,551,6,102,218,150,1309,313,19,2658,181,59,741,13,232,1021,91,947,264,372,147,161,1991,479,220,34,116,40,97,73,121,2420,1086,72,43,713,118,1629,1920,714,2016,308,317,368,18,484,86,939,26,95,61,76,77,105,314,29,221,1463,394,694,280,699,1133,55,334,137,142,1764,258,94,319,18,118,3369,239,788,17,642,248,18,1,14,2207,2468,22,2,95,188,4602,386,340,995,15,555,3812,42,50,43,49,13,1161,275,211,300,503,61,227,139,1848,195,3,0,38,18,102,6,3457,1052,1951,1441,2459,713,1000,710,73,1215,534,77,787,2593,190,287,113,898,23,1085,1159,84,4868,2369,403,110,1574,1049,56,68,5,3240,1097,497,1646,1623,1527,2493,192,1101,2850,1059,1,266,512,22,85,292,84,876,83,802,1494,335,26,1871,512,320,382,4126,329,1296,882,75,1474,185,632,802,1607,1057,2664,2288,972,424,100,141,1964,724,41,0
26_S35_R1_001,419586,346308,82.54,91.73,1.92,25,49,45,6737,294,7373,498,147,5575,101,181,803,2852,242,340,9598,74,345,244,949,121,29,270,3516,109,2323,1716,269,3295,5120,19,3554,2363,3542,1567,9,2040,3904,327,425,293,108,153,947,382,38,3509,122,888,289,2871,39,11,23,6893,161,58,6302,8472,132,25,43,119,4283,417,734,838,1435,82,1974,357,13,25,112,2756,412,3635,1020,65,2208,1188,52,2428,35,36,5860,76,640,783,4274,150,163,548,2854,653,130,85,25,30,49,90,629,3495,97,47,1980,53,1463,182,262,2270,232,30,7953,238,3553,580,868,252,1120,22,1328,24,138,8180,39,231,175,120,195,491,772,849,128,407,1112,44,448,243,29,12,23,2630,436,2658,392,15,5311,8025,44,7,12,1611,1179,28,1,280,420,2709,10612,718,2726,28,10278,7246,101,27,136,42,36,486,817,164,138,150,189,9,468,1528,336,7,0,141,13,84,12,869,1763,6028,984,4318,171,8175,2232,122,858,77,64,56,2379,747,375,189,50,8,320,6595,18,3300,3538,207,28,5555,215,21,74,12,2861,122,870,1814,193,4873,44,80,946,173,297,23,1533,1682,27,121,1079,169,1606,70,1709,1571,215,15,281,384,302,1521,1120,50,456,315,17,1230,172,38,464,1990,453,7755,716,9025,48,181,197,637,1224,344,0
20_S8_R1_001,396895,324871,81.85,93.23,2.21,37,69,28,6503,269,6409,494,166,6087,101,250,1651,3139,247,154,8065,67,415,217,1956,47,13,243,3259,102,2442,1951,282,3043,4317,33,3476,2126,3357,1558,22,1569,3603,429,565,294,83,140,1043,561,89,3160,133,984,231,2668,38,20,38,6465,131,101,5990,6292,147,15,72,224,4837,480,642,913,1205,117,1847,389,40,42,184,2642,390,2809,1101,57,1784,891,68,2893,16,56,6367,90,1571,848,3719,169,120,725,516,784,163,96,20,38,108,136,945,2907,120,42,2052,48,1411,200,298,1371,303,26,8012,207,2991,1018,987,266,856,32,1073,26,168,5597,48,262,120,188,233,561,834,781,163,496,1177,47,563,271,33,20,31,2563,702,3157,336,16,4558,5861,54,6,24,1574,1385,60,0,150,375,2524,8957,834,2327,32,8044,6878,88,46,153,65,40,647,941,146,219,238,215,6,517,1726,254,0,0,131,22,76,16,760,1756,6373,1080,2756,200,6672,2044,210,945,103,62,64,2663,852,399,115,46,11,369,5772,44,3579,2717,215,35,4440,293,12,53,32,3141,159,980,2127,203,4277,44,58,915,160,420,22,1512,1664,16,116,1173,220,1688,55,1906,1561,246,18,326,447,217,1595,1266,12,567,363,35,1192,250,41,502,1988,24,6849,767,9016,53,175,224,674,1330,305,0
3_S16_R1_001,361907,299023,82.62,95.86,1.62,24,62,33,6832,232,6121,477,145,3071,95,176,769,3084,193,186,6526,47,326,204,2144,56,29,175,3247,90,2315,1306,124,654,3810,26,3439,2009,3639,1204,39,1624,4079,264,417,279,52,109,1126,508,76,3010,141,805,208,2171,25,14,23,6140,176,125,6007,5137,110,10,24,205,5473,341,737,879,904,68,1877,281,61,12,150,2114,366,2331,987,119,1538,945,67,2431,11,36,6031,61,1585,791,3676,171,110,591,2454,701,152,72,19,30,4,64,1115,2677,86,26,1904,40,1565,172,291,2284,260,41,6816,184,905,697,809,249,902,19,1261,24,102,5124,30,211,105,124,150,547,981,583,136,467,987,30,556,203,28,14,25,1577,892,2598,270,13,3790,4252,33,11,27,1529,1549,47,2,34,373,2677,6917,822,2174,15,7650,8247,39,23,121,25,31,600,963,148,223,218,154,16,458,1910,292,1,0,92,10,38,13,746,1842,6711,938,2633,177,6546,1759,129,1031,106,28,42,1834,643,356,118,74,8,284,5336,20,4406,7227,150,25,3893,238,19,57,31,2314,116,1230,1643,152,5168,36,56,875,151,341,8,1537,1301,21,77,862,247,1544,44,1851,1384,173,55,332,519,64,1397,1442,16,322,237,16,973,233,33,177,1836,429,5563,592,5790,41,154,293,589,1484,280,0
44_S46_R1_001,360986,301209,83.44,92.48,1.57,43,48,31,6770,205,5903,508,236,5040,101,145,721,2674,204,253,7332,46,304,212,2410,46,22,181,3254,106,2366,1364,98,1806,3885,20,3844,2226,3330,1282,14,2034,3722,304,586,107,64,189,1186,536,54,3041,126,523,260,2313,51,24,25,6387,195,49,6288,7134,101,13,38,201,4881,314,754,842,994,43,1897,286,61,12,126,1792,369,2594,957,90,1872,877,67,2399,26,39,6192,59,553,717,3305,154,68,618,411,554,152,55,13,20,8,83,934,2619,83,17,1768,34,1552,203,304,2146,269,31,7060,102,2002,487,899,115,850,13,1069,23,108,4536,31,192,81,147,171,705,910,660,117,383,812,17,615,199,34,11,19,1356,699,3142,280,11,3416,3337,31,5,16,2528,1434,22,2,29,224,3518,7071,714,2105,18,8224,9235,31,20,111,29,39,641,702,138,194,199,163,18,319,1929,285,0,0,119,17,34,6,819,1404,6726,930,2649,170,6605,1766,131,709,103,45,40,1811,502,321,138,43,6,361,4581,43,4569,5571,118,22,3915,274,20,45,15,2449,140,1022,1693,141,4058,46,41,702,163,344,12,1387,1523,18,113,650,208,1252,40,1894,1327,268,29,367,403,124,1164,1359,25,409,269,15,1023,232,49,261,1979,11,6982,533,8027,51,138,240,428,1345,229,0
12_S2160_R1_001,309823,256797,82.89,92.48,1.43,34,89,55,4241,314,4502,614,250,3863,107,358,957,2517,473,120,4957,37,390,272,2388,101,18,273,2304,94,2330,1186,337,1353,3116,36,2526,2012,2686,1189,18,1584,3323,289,670,96,49,117,1195,494,37,3002,192,695,206,2015,30,19,11,5235,103,30,4696,4455,129,15,49,231,4371,505,682,851,771,102,2111,323,68,22,157,2028,473,2123,966,82,1814,686,59,2261,15,48,4441,68,772,882,2462,166,110,632,346,848,94,75,18,31,107,99,1019,2278,91,20,1852,54,1405,149,352,2313,275,33,4848,90,1873,496,1115,172,826,23,947,34,134,3165,25,204,190,192,188,648,891,828,191,566,935,34,778,232,41,19,43,1196,840,2133,428,22,2828,3509,41,6,25,1640,1418,34,1,17,315,2707,5179,796,2042,16,4847,5685,53,23,74,25,60,694,836,146,269,242,112,20,549,2126,304,5,0,98,17,27,8,986,1726,4299,1086,2694,201,3375,1995,188,777,119,30,59,2277,566,287,123,66,20,393,4111,21,3779,5367,162,14,2875,249,18,43,11,2278,211,1149,1601,160,3283,76,43,851,165,431,19,1345,1331,20,87,983,192,1475,60,1843,1329,250,28,323,405,127,1136,1469,64,599,385,16,1145,342,38,262,1698,237,4986,795,5020,39,168,307,629,1484,261,0
13_S2162_R1_001,250355,195946,78.27,90.98,1.75,10,37,13,2541,163,3776,190,79,3119,53,119,620,1850,225,148,4342,22,260,169,697,76,22,124,2133,47,1222,798,80,1368,2156,18,1476,853,1599,886,10,1181,2147,203,140,133,79,68,410,202,36,1497,83,753,110,1346,28,7,13,3427,109,39,2784,2982,89,12,38,71,2839,300,278,345,559,31,904,207,30,27,107,2083,267,1468,732,67,766,765,27,1567,6,21,3023,49,789,629,2428,106,78,180,223,498,149,44,18,25,38,57,613,1569,67,52,1143,26,610,45,157,913,142,7,6823,141,2273,834,634,265,926,11,950,13,116,5300,49,136,26,60,94,356,463,382,102,353,1022,21,234,130,22,16,14,2987,334,2217,290,12,2855,5513,23,1,22,583,629,26,3,84,275,972,9013,479,1395,12,7297,4729,54,17,100,47,31,312,490,89,188,134,125,7,365,904,208,0,0,85,6,58,5,272,745,2528,371,1492,110,4819,1569,80,363,49,25,15,1084,587,272,65,19,10,131,4069,24,1703,2090,58,11,2488,139,10,32,32,1181,48,546,666,44,3620,12,18,517,44,219,9,1308,1031,16,89,677,156,781,40,977,640,163,9,113,324,80,1309,421,18,203,204,16,464,125,7,160,816,85,3150,238,7410,26,126,204,239,760,271,0
2_S94_R1_001,271171,225022,82.98,89.1,2.26,99,123,74,6344,234,3692,1125,705,2777,125,248,538,2166,504,76,3333,42,327,172,3276,76,23,229,1431,114,1975,563,215,256,2239,31,2350,2741,3230,1157,39,894,2883,356,756,556,31,173,1869,839,81,3441,150,376,273,1850,32,76,17,4615,99,75,4125,3369,47,10,21,308,4178,324,1197,1056,479,144,2577,315,77,11,150,747,311,1504,477,72,2239,398,78,1574,17,66,3823,54,556,441,1221,123,85,468,863,428,108,84,14,16,55,61,1490,1609,75,11,1479,35,1775,289,476,3311,331,57,2492,59,682,235,706,103,588,11,453,17,88,1431,14,219,161,199,362,664,739,717,189,281,343,24,1227,212,28,16,38,383,1973,1417,294,24,1790,898,21,11,17,2470,1693,44,2,9,228,3432,2417,688,1691,14,3437,6141,12,21,31,55,20,1088,552,145,256,176,79,14,187,2227,277,1,0,78,22,57,6,1821,1143,4018,1359,2440,342,3348,1111,163,858,151,31,115,1641,228,253,120,69,11,484,2223,4,5383,4564,232,13,3289,413,26,101,8,2475,294,872,1808,309,2638,208,47,788,502,545,9,837,967,15,41,606,120,1310,37,1237,1076,141,56,573,402,35,529,1621,38,495,254,21,1096,231,101,64,2132,30,4408,966,2521,56,30,222,760,1386,155,0
10_S55_R1_001,400329,339993,84.93,92.11,1.87,40,62,47,8295,286,7307,558,207,3391,75,158,721,2722,512,319,9408,57,358,213,1891,68,16,245,3653,108,2845,1788,124,2260,5220,24,4412,2930,3902,1101,25,1596,4194,262,516,232,85,98,1355,511,80,3548,121,797,238,3333,34,19,24,8017,269,77,7665,5884,92,24,45,156,5285,385,800,677,1330,74,1965,327,40,14,122,2250,311,3290,978,76,2502,999,41,2529,24,29,5345,84,2123,766,3389,118,101,440,432,618,117,95,16,29,93,109,838,3351,74,62,1772,35,1187,175,334,2445,177,50,6274,117,2988,538,1089,164,549,13,695,23,114,6018,21,190,100,143,209,650,705,809,89,364,988,29,479,237,26,14,16,2631,652,2281,360,8,4541,5667,29,5,9,3233,1614,32,1,251,343,3368,7955,678,2838,19,10016,12152,72,21,116,24,36,565,832,135,160,179,189,15,459,1511,270,0,0,87,14,84,4,804,1464,6378,1046,3921,188,6188,1829,104,850,90,62,58,2556,575,304,145,80,10,294,5567,15,3922,5811,206,23,5009,306,12,72,12,4062,152,828,1631,159,4599,48,67,845,209,347,8,1273,1611,14,114,1020,153,1371,58,1673,1271,165,20,303,496,296,1668,1754,41,474,375,15,1352,167,44,446,2299,515,8428,893,8058,64,174,251,689,1275,167,0
B01_negative2_S2198_R1_001,364446,8318,2.28,37.22,20.16,5,3,0,120,13,139,30,3,117,9,8,30,93,12,11,143,2,9,8,71,5,3,13,62,9,61,45,9,71,89,1,84,45,98,57,3,50,99,8,26,16,5,5,34,14,2,90,5,32,15,79,1,6,1,114,5,2,128,159,2,2,37,12,108,14,15,23,14,5,61,20,5,3,7,81,14,79,30,7,67,37,2,79,1,1,110,6,33,30,78,9,7,19,54,17,8,3,0,0,12,7,26,52,9,6,42,1,19,3,17,52,6,5,147,7,60,28,52,17,28,1,36,1,4,121,0,9,12,6,4,18,24,37,4,25,37,1,22,13,5,2,4,72,50,99,14,2,88,135,3,0,1,39,36,4,0,2,20,73,173,30,58,1,206,130,1,6,7,1,2,17,15,4,20,11,7,1,21,48,13,0,0,4,1,2,1,27,53,102,36,57,12,121,85,10,22,7,1,6,68,28,12,2,1,2,18,118,4,119,104,6,0,85,13,1,3,5,64,9,37,39,9,103,10,5,29,12,15,12,54,53,0,6,26,9,26,3,58,51,6,2,15,20,4,46,58,1,21,14,1,24,10,4,10,40,9,132,19,163,2,10,14,12,37,9,0
8_S80_R1_001,281649,246267,87.44,90.6,1.51,13,47,13,5840,180,4704,404,152,4936,80,198,550,2418,166,201,6200,55,242,122,2038,65,9,169,2302,63,2046,1107,74,1313,3368,16,3098,1717,2883,1244,9,1181,3131,170,374,134,38,93,881,336,74,2464,95,588,147,2158,26,14,10,5053,121,22,4994,3938,65,15,23,132,3745,313,622,500,1149,77,1469,138,11,10,89,1697,296,2440,650,46,1398,748,30,1931,5,22,4890,54,1288,543,1293,126,84,310,2008,456,81,45,6,21,63,64,758,1911,70,24,1596,29,981,110,211,2094,169,38,5446,104,3082,541,679,136,657,11,693,14,88,4594,14,116,140,98,122,464,396,488,97,295,773,28,329,146,31,8,11,1780,733,2161,293,11,3100,3488,24,5,10,2016,1042,17,2,36,280,2307,5329,533,2014,10,7030,7718,23,18,85,24,14,469,679,77,111,158,138,5,441,1407,227,1,0,69,12,46,14,654,1434,6499,787,2729,111,6297,1860,93,620,72,14,37,1836,464,298,105,39,10,212,3909,19,3096,184,105,15,3612,203,18,30,12,2404,106,647,1537,106,3451,30,61,612,102,232,5,874,1179,8,68,502,136,915,42,1595,974,185,24,219,347,62,1068,1175,22,311,343,8,789,149,20,209,1565,399,5401,453,6104,30,139,192,322,1027,158,0
22_S39_R1_001,411449,351736,85.49,90.98,1.56,33,73,38,6314,313,7402,631,185,5817,83,195,837,3478,488,237,7692,52,498,193,2565,107,23,238,3858,98,3299,1853,302,2313,4962,30,4282,2858,4284,1688,19,1788,3962,364,610,374,56,195,1501,583,108,4128,128,845,249,3020,29,19,15,7330,177,82,7222,6519,144,5,56,212,5477,525,957,925,1345,106,2210,318,63,18,112,2342,376,2779,1208,52,1995,1001,56,2723,9,51,6556,46,1778,900,2143,165,109,664,4773,680,74,83,17,35,105,96,1038,3436,80,19,1915,56,1695,215,432,3045,225,38,6417,113,2857,820,1103,238,832,25,802,7,149,5103,22,231,132,209,212,532,1018,858,108,437,809,33,584,271,14,15,29,2852,522,2681,472,8,4806,4808,40,2,11,2056,1873,25,1,195,363,3470,8003,677,2893,22,7887,7775,43,26,124,41,12,646,984,151,175,212,186,22,518,1661,275,0,0,69,14,85,10,966,2251,6946,1237,4211,224,7902,2319,151,895,112,48,66,3548,593,439,166,71,7,195,6099,20,5017,5704,158,36,5216,357,15,84,16,3227,133,872,2110,228,4612,53,66,990,219,492,12,1585,2002,5,109,1204,133,1823,60,1750,1581,244,23,344,632,244,1703,1568,21,680,540,17,1360,192,47,248,2539,614,7932,927,8110,57,176,164,735,1250,233,0
28_S72_R1_001,306416,264003,86.16,90.23,2.38,136,143,74,6985,340,4216,1829,1261,2996,167,464,1104,2020,686,89,4768,37,274,169,4154,105,23,356,1427,200,3028,625,766,580,2720,34,2517,3035,3915,937,13,984,3446,238,1646,803,19,115,2430,997,107,4322,292,376,302,2437,30,57,18,4884,131,40,4699,3780,49,17,25,410,3751,317,1248,1820,778,221,3686,333,169,7,140,644,417,2094,466,48,2495,298,107,2262,12,52,3800,64,929,492,1245,144,123,1234,1604,572,93,93,14,28,118,73,1905,1930,112,9,1537,36,1765,394,777,1803,413,72,2387,44,702,159,972,72,445,16,326,18,99,1424,17,195,432,265,304,718,917,1099,143,346,286,25,1813,187,42,32,33,448,4019,2206,404,21,1727,630,20,2,16,3207,2710,43,1,6,280,5151,2037,529,1764,18,3177,4344,19,24,48,73,21,1167,672,120,224,226,84,49,244,2710,291,0,0,70,24,105,7,2898,1872,4380,1513,1897,288,3328,952,149,1100,229,21,164,1789,208,346,109,104,22,678,2213,16,5477,5451,264,17,2643,599,27,65,10,3048,674,1114,2391,437,2962,450,66,767,695,613,4,803,1035,32,83,540,115,1520,50,1392,1434,148,27,829,475,36,513,1855,54,670,387,13,1559,266,135,118,2696,931,5682,1461,3119,89,90,247,1150,2243,109,0
63_S26_R1_001,320539,275836,86.05,89.85,1.6,36,66,29,7202,194,6097,523,238,5271,91,245,805,2446,211,188,6189,45,287,139,2466,44,21,201,2833,80,2363,1309,253,1754,4213,24,3799,2361,3812,1097,0,1371,3453,225,658,285,42,123,1310,415,62,3378,121,524,162,2099,27,20,11,6090,145,35,5561,4904,67,14,34,171,3759,374,770,783,1110,80,2092,217,34,8,87,1592,305,2129,815,56,1622,656,39,2207,10,47,5649,50,683,723,2681,155,70,545,301,587,83,49,8,22,88,85,1028,2375,55,25,1811,32,1192,174,261,1552,161,18,5358,80,620,333,847,149,646,4,600,17,83,3546,20,193,120,119,142,470,788,779,105,371,588,33,479,158,25,20,20,1068,631,2256,312,8,3072,2802,11,2,22,1639,1493,18,2,46,220,3337,5339,554,2342,14,6632,5887,39,18,70,22,29,608,905,99,187,184,98,13,460,1847,252,0,0,87,4,61,5,942,1758,7412,1096,3213,184,6553,1787,95,742,85,23,54,2504,461,258,112,39,8,255,4614,27,4721,6325,118,28,3518,262,17,75,9,2634,154,825,1638,141,3414,51,48,672,152,403,11,1613,1315,11,100,778,167,1305,26,1537,1186,192,18,292,373,84,988,1328,25,378,318,16,957,200,36,182,1874,489,6691,576,5855,44,127,204,518,1493,200,0
10_S2158_R1_001,307584,233309,75.85,87.22,2.17,18,23,8,3146,163,4948,116,90,3390,56,98,1914,2078,322,118,6916,11,235,78,1471,44,11,143,1548,45,1692,987,101,3333,4364,10,1975,1023,2799,1069,1,1122,2433,152,198,146,257,48,406,262,32,2504,118,660,86,1285,19,6,3,5279,158,81,4003,6920,68,3,112,83,4088,341,179,189,644,38,1359,296,29,11,149,1997,257,1572,708,40,843,741,15,1834,36,25,2455,29,671,507,1651,159,52,258,138,428,71,26,14,42,77,72,710,2350,93,87,958,32,433,42,185,1777,64,16,9594,46,2433,684,860,275,543,14,515,29,87,3331,11,193,39,92,62,333,563,529,53,395,712,16,221,76,17,7,9,2414,258,2320,500,1,3305,4671,18,4,19,455,840,13,0,49,304,2037,13153,399,1749,14,8105,4407,41,19,66,17,38,376,360,59,191,144,67,5,560,779,192,0,0,32,16,37,2,357,1018,3151,397,1550,142,4620,2486,42,405,42,12,15,1997,632,367,112,35,0,113,4295,2,2398,3788,52,17,2331,87,11,34,7,1621,83,382,517,35,2792,14,18,417,29,208,5,1340,1228,7,247,649,265,495,32,1243,738,180,13,137,441,150,1464,945,15,205,233,6,439,137,7,70,738,154,6639,274,7351,19,118,215,177,823,128,0
30_S30_R1_001,398623,347829,87.26,89.85,2.66,35,88,30,7486,273,6518,1389,224,5752,99,179,2000,3280,563,162,8242,67,463,188,2311,51,20,257,3543,103,3207,1754,151,2436,5121,25,4601,2554,4019,1381,37,2285,4097,282,558,262,65,140,1136,490,53,3640,149,851,232,3257,60,24,18,7995,267,55,6951,7509,122,13,43,198,5461,480,828,784,1509,99,2065,270,74,19,139,2329,420,3087,970,64,2166,1050,38,2858,73,50,5896,66,1721,931,3741,160,135,473,2739,678,129,46,20,23,53,104,1113,3258,92,16,2098,49,1298,190,380,1694,198,28,7520,134,2904,748,1044,155,831,16,894,24,156,5246,20,233,167,148,207,658,721,871,130,463,986,42,519,228,39,26,17,2865,823,2875,400,5,4425,4889,21,4,15,2783,1471,34,1,141,365,3438,7316,914,2870,11,8106,10015,43,28,118,16,39,877,747,130,213,209,202,14,599,1781,333,0,0,97,20,36,2,1076,1277,7058,1210,3990,158,7449,2537,148,1062,102,54,57,2632,744,325,159,68,10,367,5382,18,4529,3606,225,28,4923,368,22,65,12,3167,186,854,1906,157,5082,58,81,1045,222,462,12,1572,1824,25,106,992,176,1508,61,1772,1489,253,32,336,593,179,1794,1440,19,615,432,15,1480,208,40,330,2214,625,7850,771,7505,55,205,227,714,1315,203,0
9_S33_R1_001,451340,384097,85.1,90.98,1.88,23,69,41,8103,345,7567,573,132,7522,123,430,1936,3327,489,327,9001,68,365,273,2537,116,39,243,3911,141,2783,1751,151,1633,5433,27,4698,2591,4056,1824,37,2941,5186,346,614,505,64,140,1207,514,57,3714,159,857,249,3042,39,10,21,7478,210,131,7560,8547,115,29,58,182,4960,461,829,975,1500,96,2269,292,57,29,140,2424,493,2789,1170,118,1971,1115,62,3552,14,37,7386,92,1806,890,4364,181,101,388,5315,780,157,78,14,32,111,94,1199,3524,98,36,2336,36,1638,196,348,2791,263,36,8841,180,1148,514,1072,168,1083,36,1113,15,161,5926,26,261,147,123,217,590,729,814,154,582,1487,45,728,223,34,28,24,2165,847,3802,359,17,4815,4988,33,3,35,1718,1767,37,0,64,388,3639,8671,935,2834,35,9593,10104,46,21,112,44,31,706,996,138,209,275,161,15,577,2226,262,0,0,110,17,41,6,864,2050,7294,1101,4135,224,10127,2348,163,1045,78,45,65,2710,796,290,154,61,10,368,6705,34,5279,8667,206,31,5338,341,22,73,16,3587,172,1215,2445,170,5917,50,54,1077,201,498,15,1621,1829,20,138,1002,234,1794,41,2076,1627,229,28,347,443,114,1529,1472,17,435,351,26,1154,264,39,264,2381,265,8221,627,10806,46,151,331,646,1591,283,0
24_S37_R1_001,420630,308385,73.32,92.48,2.37,2341,2011,143,6629,862,1837,4101,1611,1392,797,2547,306,1368,1263,338,2818,455,260,341,4525,173,272,1462,384,1384,3548,193,597,401,956,462,1267,2021,1550,1112,169,754,2230,883,4787,927,27,142,2867,1362,590,3759,767,263,466,2252,121,2508,249,2572,156,39,4544,3116,82,146,317,1554,4488,456,2210,2444,413,1240,4315,345,1326,17,254,250,156,1585,213,125,4038,251,207,1074,39,1118,1737,103,154,287,286,513,281,2723,561,603,122,231,99,98,225,159,2717,883,252,20,1354,378,3393,3585,915,3610,940,828,781,55,388,139,979,91,244,30,195,46,218,494,41,351,2542,686,732,689,1148,1278,160,452,264,254,665,446,385,388,198,160,9632,912,717,78,586,266,39,15,66,3207,1751,124,39,32,112,6333,509,783,794,91,602,4512,46,64,64,83,48,2342,335,307,440,667,55,407,148,3730,242,0,0,120,86,235,103,5620,918,2035,1589,2291,1344,727,562,322,1907,984,100,1824,2441,218,295,161,766,319,3236,805,226,7059,2330,1126,95,1937,1427,362,335,3,5111,2368,906,3875,2317,1253,4839,260,2316,4488,1808,9,520,491,234,180,522,110,937,96,1247,2012,662,294,2838,781,237,492,3627,841,1629,626,257,1465,566,1601,274,1594,2955,769,3853,751,672,24,515,1761,1712,108,0
5_S2153_R1_001,339449,255188,75.18,90.98,1.43,23,49,12,5456,211,5701,178,105,1797,59,177,1170,2361,201,75,7694,12,230,97,2055,29,13,162,1690,75,2138,955,165,2497,4144,27,2641,1382,3472,1406,33,1089,2942,173,340,206,259,26,754,348,60,3191,125,617,100,1532,24,6,4,6097,195,42,4981,6356,103,24,170,132,4628,414,268,223,811,62,1887,355,57,4,156,1817,269,1510,725,52,1092,565,16,2656,66,31,2709,20,828,595,741,188,56,355,1905,464,69,31,14,49,82,103,839,2530,97,75,1149,43,577,74,278,1928,70,21,8591,90,2031,516,944,287,560,24,471,24,112,2826,11,251,61,104,92,486,722,716,43,533,641,42,255,86,23,38,21,2504,489,2739,483,2,3134,3997,22,2,24,636,1068,20,0,153,415,2829,11091,445,2014,22,7495,5950,56,11,82,17,31,473,384,55,185,163,67,16,563,1029,187,2,0,23,14,42,3,575,1094,4612,582,1637,185,3412,2757,70,638,47,19,26,2478,587,449,150,26,2,159,4493,17,3356,5065,48,17,2230,120,4,34,5,2578,122,417,848,54,3163,23,20,603,46,271,5,1145,1435,11,294,637,335,573,40,1266,875,234,12,184,439,188,1408,1460,33,287,230,5,751,221,12,110,971,7,7838,371,7410,14,154,189,275,1110,140,0
B01_negative1_S2161_R1_001,284722,10727,3.77,43.23,15.23,6,8,1,144,17,150,42,25,115,8,18,31,83,26,2,142,2,24,10,103,10,1,11,65,11,70,45,22,64,127,6,102,71,94,54,3,54,118,18,31,23,10,9,51,32,8,107,9,33,17,55,2,9,1,126,9,3,145,166,7,1,87,11,138,20,27,38,27,9,83,26,5,1,8,81,15,77,49,7,64,41,6,87,2,6,119,5,26,45,101,11,19,26,54,23,6,3,3,0,5,5,36,76,9,4,69,6,64,13,19,69,12,3,172,5,66,32,50,10,37,0,37,3,10,149,4,16,15,10,9,23,50,33,9,26,44,1,20,11,3,2,1,84,44,98,27,3,83,120,0,0,1,55,36,0,0,2,18,108,221,29,80,0,181,155,2,2,6,3,2,31,23,7,15,15,6,3,33,80,20,0,0,3,0,3,0,40,59,105,46,75,8,118,91,11,29,15,1,4,69,28,11,8,4,0,25,133,1,130,164,13,2,99,26,0,2,1,62,10,24,51,11,118,11,2,41,21,22,909,70,48,4,5,35,14,48,5,46,51,10,2,17,27,6,48,54,4,26,19,1,48,14,8,11,60,10,146,37,198,3,4,16,19,48,15,0
71_S5_R1_001,413021,353921,85.69,93.61,1.67,27,54,43,7868,313,6809,667,225,6761,113,200,1980,3283,469,270,8802,62,397,214,3101,84,35,193,3398,121,2687,1601,134,1860,4658,28,4368,2789,4596,1781,30,1849,4395,270,547,487,89,95,1722,631,77,3628,187,690,224,2519,31,24,23,7408,216,49,6973,6036,119,24,47,210,5991,472,891,926,1367,47,2435,406,35,13,171,2016,468,2695,1042,99,1802,1138,45,2958,32,31,6512,102,2015,790,3497,162,126,530,359,749,129,52,20,29,82,95,1196,3259,77,12,2180,41,1544,179,353,3207,284,30,7371,185,2371,741,913,188,857,12,964,22,125,5240,21,202,199,171,231,915,1046,793,180,466,894,49,630,200,26,20,23,1342,980,3211,346,12,4164,4825,26,11,29,3000,2011,35,2,28,350,4093,7956,923,2887,29,9002,6580,34,22,98,56,21,828,981,141,251,219,170,15,511,2366,328,0,0,102,14,80,5,1029,2170,7523,1200,3307,238,8283,1847,110,1244,102,48,65,2187,626,414,170,48,8,316,5371,20,5643,8434,151,24,4769,344,18,59,16,3400,166,1246,2235,159,4450,51,64,1076,212,486,3,2094,1876,20,142,973,286,1440,46,2025,1739,274,41,359,653,85,1459,1691,27,492,326,19,1229,229,44,233,2444,285,8115,655,7851,44,158,245,704,1672,193,0
53_S9_R1_001,411004,352917,85.87,96.24,1.41,19,69,45,7932,306,6712,660,186,5763,131,220,927,3234,51,300,7617,55,368,231,2858,62,46,286,3445,149,2978,1577,304,1222,4795,22,3972,2640,4067,1817,40,2539,4484,383,626,507,89,160,1451,601,99,3493,176,933,249,2883,32,16,20,7071,162,92,7202,7577,127,26,35,219,5679,464,856,996,1645,111,2291,334,104,24,172,2313,421,2749,954,115,2825,1219,76,2691,33,47,6528,56,1743,888,3844,202,108,516,2740,830,173,73,20,39,116,101,1422,3285,91,24,2437,57,1696,214,395,2874,330,44,7460,199,4197,863,1111,206,1422,21,1363,16,196,5105,34,317,205,122,183,774,1003,727,200,535,1077,52,688,240,38,15,22,2035,1188,2928,349,10,4355,4785,36,10,31,2131,1796,50,2,27,399,3509,7119,833,2599,26,7771,7071,53,21,152,55,55,754,1116,178,182,288,184,13,622,2523,309,0,0,146,8,37,11,909,2161,6453,1249,3171,237,7544,2328,143,1115,97,26,71,2471,685,403,129,73,7,431,5933,29,5126,6132,220,41,4266,301,17,62,23,2911,174,1304,1929,205,4614,66,72,1222,169,444,13,1500,1832,30,141,967,293,1657,50,2484,1714,221,28,425,543,76,1378,1409,52,507,354,22,1105,315,59,286,2125,582,7251,737,9120,56,154,295,701,1717,274,0
10_negative1_S870_R1_001,456873,379282,83.02,93.23,1.71,25,57,44,6716,268,7193,498,168,3442,138,209,939,3338,275,299,9158,90,410,328,2472,53,30,225,4180,142,2818,1778,132,1548,4682,22,4194,2171,3426,1623,13,1873,4833,511,387,299,87,166,1123,466,72,3309,185,1005,229,2936,40,11,28,7435,156,80,7393,8303,137,27,53,167,6234,441,729,897,1383,88,2017,431,88,27,144,2728,420,3239,1099,131,1707,1339,58,3097,11,47,7513,85,747,958,4263,202,142,679,490,856,213,81,9,41,140,105,1105,3089,113,25,2410,40,1604,176,351,2775,318,19,9929,260,3613,1189,1102,307,1440,29,1568,28,153,7127,33,233,159,148,256,626,908,707,216,476,1385,36,548,277,36,14,17,3860,850,3361,371,27,5086,7324,49,8,46,1905,1631,33,0,37,345,2796,11004,973,2616,17,10778,9285,46,24,138,68,45,715,1069,159,221,249,186,11,689,2215,319,0,0,133,13,38,6,761,1618,8055,1120,3443,226,9802,2404,170,1060,103,43,42,2589,863,332,193,85,11,314,6701,34,4819,8312,160,25,5335,131,26,106,15,2490,124,1283,2031,122,6632,35,104,954,157,504,13,2365,1759,44,138,1168,248,1840,59,2250,1650,365,33,294,609,87,1856,1306,27,447,573,26,1219,266,23,282,2173,220,6818,614,13165,42,148,383,499,1697,357,0
48_S86_R1_001,183570,159088,86.66,86.47,3.16,106,67,122,4526,194,2537,1501,883,1549,68,285,429,1209,261,133,2708,18,172,78,2280,29,11,247,732,102,2111,422,36,580,1930,13,1372,2148,2032,514,7,398,1715,163,1859,342,16,62,1739,661,38,3016,134,132,318,1700,23,47,16,2755,101,25,2760,2450,112,4,33,337,2278,337,1180,670,491,38,1871,185,65,14,58,375,176,855,278,14,1639,132,46,1084,2,38,1689,38,418,322,746,78,59,433,177,207,22,48,14,14,71,49,1171,1150,58,13,729,32,1250,354,454,2488,183,72,872,38,706,159,419,47,179,18,171,10,49,809,21,127,316,172,233,475,483,777,64,293,122,24,1278,150,18,27,11,258,1270,708,359,9,1158,453,13,0,14,1560,1402,25,5,54,172,3457,1178,218,1142,14,1080,3734,21,13,35,15,15,594,297,73,229,167,50,25,103,1340,131,1,0,47,10,66,4,2147,850,2239,985,1161,255,1470,946,114,690,206,33,134,1643,139,141,81,49,7,527,1598,29,3251,2660,208,20,1629,204,9,50,9,2240,599,421,1167,604,1463,504,37,581,602,387,2,371,758,6,34,332,42,701,45,644,774,133,20,692,364,217,464,1735,32,788,443,10,1308,154,81,424,1358,368,3759,1438,1321,46,139,60,897,858,61,0
15_S2164_R1_001,249796,171015,68.46,88.35,1.42,5,29,10,1873,145,3119,141,72,2366,41,69,563,1609,225,107,4094,16,201,135,803,36,12,107,1431,31,1055,705,148,2172,2111,13,1233,641,1447,853,29,928,1605,154,169,121,139,44,387,185,30,1455,75,589,103,985,22,3,2,2797,91,42,2673,4082,73,9,104,68,2569,246,214,202,476,34,840,221,35,25,103,1662,221,1218,576,58,506,550,15,1335,4,13,2109,37,563,399,1698,107,49,204,1353,441,82,23,15,21,70,105,512,1458,61,90,862,35,377,29,190,939,79,10,6322,58,2795,617,606,227,624,17,686,22,93,3540,19,134,44,59,74,307,425,342,53,317,768,16,189,85,7,19,12,2262,199,1727,261,7,2336,4220,34,5,17,555,581,7,0,81,226,1034,10289,414,1155,8,5760,3159,49,19,82,12,38,265,306,49,144,165,107,6,228,484,171,1,0,50,14,11,1,238,547,2125,368,838,94,3837,1286,56,347,45,7,21,1144,457,254,74,22,2,131,3300,3,1391,2955,53,17,1703,84,11,44,9,1199,42,331,592,39,2468,13,9,372,29,152,4,984,872,8,121,609,177,514,42,839,516,137,20,103,260,165,1099,501,31,197,217,8,352,166,5,113,623,117,3333,175,8136,24,93,184,168,590,164,0
56_S56_R1_001,419168,357031,85.18,95.86,1.49,31,67,52,7137,321,7694,660,209,5288,106,186,812,3137,549,169,8481,59,438,217,2241,54,32,333,3496,141,2606,1656,269,4394,4995,33,3563,2582,3735,1369,20,2013,4557,323,623,25,77,118,1204,445,52,3909,161,815,249,2832,29,13,33,7875,176,110,6894,8299,142,22,58,152,3862,419,915,821,2032,57,2168,326,67,21,164,2709,386,3873,1084,104,1996,1274,53,2627,10,42,6061,98,786,838,3854,173,140,580,457,692,154,86,14,47,108,101,792,3656,81,56,2079,58,1706,223,291,2698,252,43,7278,173,1384,686,1251,258,990,17,1102,22,129,6552,25,255,136,146,185,627,874,709,125,416,1217,42,580,189,25,21,28,3483,855,3304,439,15,4904,6618,46,5,23,1866,1513,36,5,337,403,3186,8779,872,2874,33,9428,10268,73,36,137,53,41,698,883,161,198,198,240,22,549,1803,330,4,0,122,11,78,15,937,1372,7100,1056,4164,162,8205,1970,121,759,78,53,76,2361,774,411,148,71,15,333,6282,42,3992,6235,258,12,5357,190,16,69,28,4117,144,887,1927,159,5505,52,50,869,154,435,23,1399,1644,15,85,948,183,1783,66,2149,1618,248,36,241,532,306,1457,1152,48,436,477,24,1402,216,34,364,2030,453,8189,646,9020,61,233,400,641,1421,247,0
1_S2149_R1_001,209070,181678,86.9,75.94,1.91,32,43,18,5776,130,3399,522,298,2510,60,160,835,1741,122,69,3838,10,170,50,3335,13,1,192,951,41,1806,782,82,806,2542,13,2383,2201,2962,969,1,1030,2334,111,655,261,39,27,1326,513,33,3511,178,148,98,1319,6,34,4,3809,75,20,4139,3277,32,6,30,142,2786,284,628,354,747,77,2264,248,54,4,72,683,281,1039,403,18,1453,194,15,1359,3,26,2408,14,861,425,1154,97,34,260,1814,186,22,12,2,9,31,30,1137,1680,47,5,917,15,1103,118,311,2942,52,19,2319,11,737,183,844,23,183,5,148,10,46,1148,10,67,112,108,88,305,855,607,26,279,204,21,284,35,16,18,13,268,1183,1325,440,5,1437,662,8,1,5,1739,1234,5,0,53,219,3882,2204,269,1315,6,2563,4820,5,14,22,10,3,797,317,41,166,116,22,6,241,1534,145,0,0,14,3,15,1,1289,905,3246,989,1636,183,2072,1411,33,672,81,6,37,2312,170,111,106,26,2,202,2063,5,4349,4277,55,6,1660,166,15,28,5,2544,233,433,1109,103,1773,72,20,374,74,402,1,345,901,7,131,452,54,666,13,867,684,160,13,306,355,44,500,1823,32,414,199,7,923,143,21,186,1510,220,4631,469,2255,14,160,95,406,828,51,0
47_S95_R1_001,254613,223126,87.63,90.98,1.7,118,120,88,4523,291,4028,1541,629,2834,130,252,617,1961,243,104,4308,40,201,104,4161,42,19,249,1214,167,2479,525,590,687,2506,20,2255,2956,2746,868,9,769,2662,360,1160,713,21,64,1892,1056,48,3224,225,311,252,1542,34,74,15,3854,98,25,4866,3732,61,12,24,425,4013,275,1251,1030,957,161,2800,268,159,10,95,680,309,1452,413,40,2181,282,68,1512,7,42,4077,60,513,493,1362,174,48,807,719,362,86,59,7,12,130,67,1520,1571,59,5,1324,33,1350,360,501,3676,211,42,2006,36,1123,150,695,67,322,8,278,10,76,1213,16,154,569,215,267,550,1092,695,83,310,328,46,759,165,37,25,30,327,2385,1347,355,15,1574,873,21,5,13,2142,1567,22,4,6,218,3808,1987,414,1709,11,3087,3916,23,10,42,23,14,1170,591,104,261,191,56,32,205,2037,199,0,0,60,13,79,3,2248,1578,4095,1299,1856,335,2785,1146,104,796,167,33,132,2169,317,273,86,41,11,493,2480,20,5414,4732,181,16,2360,466,22,76,8,2450,406,831,1782,385,2129,287,49,888,517,493,13,711,1208,18,93,651,92,1199,32,1237,1163,153,45,571,581,57,494,1910,58,582,318,12,1214,251,97,104,2256,325,4438,1046,2319,88,79,184,826,1614,110,0
6_S2154_R1_001,373514,244148,65.37,90.98,1.53,4,25,11,3375,243,4146,131,95,3276,64,123,1001,2297,331,133,5837,12,397,184,1133,29,9,127,2058,77,1451,902,131,2219,2897,19,1612,413,2154,1129,32,1093,2579,210,191,143,273,75,415,262,44,2085,142,1039,142,1423,30,5,11,4380,218,62,3257,5855,117,17,125,97,3161,382,227,257,612,46,975,338,31,41,191,2972,367,1650,1068,91,867,925,34,2245,3,21,2232,47,802,745,1103,170,79,262,170,550,151,41,19,48,118,126,645,2170,120,149,1192,40,497,58,246,1493,93,11,8756,171,2916,1047,953,488,852,16,937,22,129,5519,29,244,48,101,108,539,606,496,84,520,1221,21,210,104,19,20,19,4268,275,2872,443,7,3393,6861,63,13,36,589,814,20,0,54,444,1295,17529,541,1630,25,9394,4368,93,29,131,38,81,402,569,91,252,180,143,14,623,812,245,0,0,68,20,67,9,292,845,4125,453,1329,127,4820,2696,81,415,43,26,19,1573,833,384,110,22,5,129,4356,7,1821,2379,47,20,2169,100,11,52,39,1641,83,499,545,60,3266,10,35,598,32,220,8,1240,1326,15,245,962,371,688,57,1267,718,231,19,144,360,197,1934,639,27,279,185,8,529,237,10,73,750,122,4179,258,11616,27,148,274,209,997,238,0
9_S2157_R1_001,317870,222007,69.84,88.35,1.25,8,39,14,4384,191,4628,148,67,3007,79,103,479,2051,285,120,7982,8,246,69,1847,59,9,117,1136,68,1747,780,74,2773,4421,14,1858,960,2943,1309,12,1087,2631,98,217,130,671,29,515,279,34,2664,152,597,74,1157,32,5,7,5146,180,27,3901,6000,112,8,163,98,3772,355,185,132,695,65,1318,365,39,8,160,1706,290,1240,719,35,798,537,14,1603,30,23,1675,32,279,499,752,183,50,184,111,365,53,19,14,56,30,121,693,2168,99,107,802,38,371,50,232,1474,53,10,9063,29,767,564,754,235,507,20,373,13,82,3119,13,192,53,84,66,289,627,494,39,419,298,17,130,63,20,20,17,1553,276,3088,568,1,2570,3638,24,4,13,783,758,9,0,77,409,2340,14145,316,1681,28,7092,3870,52,16,79,23,47,395,280,65,179,146,41,15,454,813,139,0,0,22,8,5,3,421,883,3467,413,1159,137,2954,2990,42,447,25,22,8,2157,793,357,105,34,2,134,4009,5,2577,3222,29,28,1959,96,10,34,6,2045,104,302,425,35,2767,15,26,589,24,209,7,949,1225,5,481,689,277,392,38,1086,642,256,21,132,386,146,1386,1045,9,222,243,12,410,181,16,83,577,11,7314,171,7981,15,107,190,155,911,120,0
45_S53_R1_001,361429,297149,82.22,92.86,1.56,14,57,33,5391,258,5638,1339,154,5105,124,231,680,2642,152,198,6192,49,362,201,1818,103,30,196,3331,83,1979,1316,198,763,3598,13,3282,1808,2882,1125,32,1990,3723,259,316,339,39,152,980,406,79,2625,110,742,189,1099,24,16,10,6012,118,52,5297,5346,78,26,35,158,4773,272,684,789,829,60,1655,290,63,19,121,1980,329,2400,954,142,1546,868,48,2331,5,28,5898,59,1406,715,3878,133,118,317,4232,601,182,73,4,17,45,55,1025,2267,89,14,1849,34,1101,137,268,2021,255,26,7596,155,3973,562,751,140,1117,14,1321,29,94,5621,37,180,134,150,165,728,732,618,126,377,873,30,512,236,33,7,17,2568,661,2468,243,19,3912,4668,41,10,20,1265,1263,42,1,26,287,2203,8197,601,1960,15,8687,6095,40,22,118,54,22,617,801,123,121,170,163,9,357,1571,327,0,0,160,21,33,11,587,1199,7341,906,3322,143,8394,1689,145,745,83,29,52,1344,505,285,120,45,10,295,5443,26,3812,7355,174,17,3815,248,18,62,18,2035,110,1151,1557,112,5062,36,57,792,91,345,13,1303,1481,18,55,895,202,1549,29,1671,1324,141,14,213,419,59,1201,934,8,357,201,31,964,207,41,231,1802,177,4988,462,9161,40,108,237,431,1393,292,0
1_S64_R1_001,372058,306305,82.33,92.48,2.03,18,42,76,6824,210,6629,1048,142,4948,79,143,794,2857,426,290,6972,37,404,178,1815,95,18,223,3611,71,2132,1570,111,2178,4511,22,3909,2205,3799,1285,26,1761,3007,287,479,279,54,108,967,470,86,3306,96,714,187,2849,33,17,17,6276,139,35,6251,6265,120,12,55,168,4076,378,715,645,918,69,1472,267,46,22,117,2303,273,2824,975,42,1572,879,56,2326,7,33,5420,76,2406,746,3215,122,109,575,459,529,60,59,14,28,48,61,704,2853,67,21,1741,26,1241,174,261,2427,190,26,6188,194,2589,581,838,136,804,21,512,16,166,6549,23,172,137,127,186,536,571,813,111,322,896,35,612,211,31,24,23,1778,457,3026,402,20,4107,5151,31,5,8,1637,1194,35,2,172,259,3228,8036,574,2301,16,8114,9415,64,10,106,37,31,587,582,121,159,177,202,6,368,1286,287,0,0,105,17,43,8,804,1824,5980,883,3418,148,6931,1951,128,649,91,43,44,2576,577,345,118,59,14,326,6077,11,3513,4935,142,20,5006,156,14,49,20,2491,105,868,1649,203,4472,50,47,778,150,299,18,1343,1636,7,70,782,112,1262,59,1544,1053,206,20,256,362,198,1702,1385,19,468,326,14,1297,236,28,453,2146,242,7319,472,6446,52,157,123,374,962,195,0
41_S24_R1_001,363648,310542,85.4,89.85,1.58,27,59,38,8134,238,6021,680,301,4725,115,176,833,2823,484,224,7394,51,290,176,3312,115,24,213,2854,100,2253,1155,288,1366,4326,20,4169,2743,3836,1182,26,1680,4052,338,633,118,70,113,1568,518,47,3738,160,509,241,2285,43,38,19,7536,121,64,6212,5576,80,14,31,206,5162,319,787,783,1208,95,2454,284,85,13,121,1608,357,2110,879,71,2714,679,46,2351,1,42,6453,74,1469,606,3033,144,93,705,3481,648,113,48,16,29,40,82,1201,2734,77,15,1782,33,1324,198,342,2989,240,48,6046,113,1630,538,826,137,800,9,699,14,115,3559,19,195,233,171,153,563,1038,768,123,339,638,39,708,178,27,25,19,777,1140,2942,334,18,4055,2842,26,4,20,2014,1661,26,3,12,329,3764,6032,627,2366,18,6566,8546,32,11,67,47,34,734,763,136,167,230,112,15,420,2317,274,0,0,65,7,49,15,1044,1890,6763,1084,2521,201,6528,1829,111,853,109,26,52,1674,364,225,153,40,19,386,4319,29,5514,7431,188,20,3880,292,8,53,3,2913,249,1127,2253,179,3569,66,63,831,177,374,6,1308,1378,26,151,746,178,1318,28,1684,1302,218,48,321,419,55,1029,2105,31,468,282,15,1150,242,43,200,2296,248,7244,983,6659,53,120,232,629,1455,156,0
60_S63_R1_001,345010,298700,86.58,90.6,1.51,30,75,34,5683,207,7216,504,205,4623,44,136,757,3239,394,244,6812,55,334,113,2224,30,10,214,2790,71,2772,1420,239,1839,4627,32,3745,2421,3702,1170,3,2041,3297,262,557,314,55,82,1108,523,21,3605,107,546,167,2438,11,18,28,6448,172,29,6222,7270,80,17,40,126,4764,374,819,626,1473,45,1927,267,64,15,75,2079,302,2361,945,24,1949,707,26,2349,36,26,5807,65,1451,860,1546,110,96,398,4355,594,40,44,12,23,39,72,761,2907,68,23,1600,42,1205,182,286,2320,141,21,5757,120,3773,377,848,115,633,11,566,12,111,4568,21,194,138,109,142,468,660,732,99,349,613,13,452,187,23,10,15,1642,550,2411,343,8,4855,4020,24,2,3,2852,1317,7,1,180,305,3406,6548,421,2309,17,6334,6823,23,19,83,17,23,708,714,81,168,168,138,8,450,1218,190,4,0,55,11,124,9,812,1860,6313,989,2676,152,6247,1943,98,865,73,61,38,3190,424,310,164,31,5,297,4945,23,4465,3574,119,34,4294,271,7,65,7,3057,134,693,1685,160,4290,32,30,821,182,356,8,1286,1557,10,91,947,106,1157,30,1392,1177,204,26,257,425,209,1484,1729,14,457,297,8,1060,175,33,384,2449,22,7824,842,5749,40,129,103,540,892,171,0
34_S70_R1_001,333017,276653,83.07,91.73,1.72,18,36,38,6106,205,5819,293,221,5243,60,131,729,2750,426,149,5805,50,408,144,1546,118,15,188,3464,64,2310,1447,239,1935,3942,11,3448,1011,3562,1063,5,1241,2632,259,501,300,55,80,924,496,85,2691,65,691,218,2353,23,7,22,5896,182,57,5443,6856,108,13,49,154,3684,434,627,709,724,54,1371,274,64,27,97,2222,288,2361,870,29,1635,865,56,2377,69,40,5389,64,837,728,1585,105,76,557,2040,519,71,82,14,26,43,84,774,2548,103,25,1741,53,1409,162,331,2136,186,30,5747,77,3708,481,822,155,647,18,740,20,157,4402,28,191,126,119,162,473,580,773,133,332,766,22,608,191,23,16,19,1837,414,2023,372,14,3615,4819,26,4,10,1719,1195,26,1,163,323,2730,7414,603,2167,16,6250,8515,62,17,90,16,26,683,618,107,167,161,167,5,297,1188,291,6,0,76,5,56,7,745,1434,5625,795,2657,158,5874,1403,153,753,66,46,55,2113,488,337,119,56,9,350,4479,27,3476,3035,156,18,5021,162,23,70,31,2808,120,792,1790,173,3479,48,49,535,168,261,19,1418,1448,6,76,881,71,1216,49,1285,1096,159,11,277,390,268,1518,1185,12,448,387,17,1216,230,37,405,1980,237,6844,453,6216,28,140,117,552,951,221,0
39_S18_R1_001,410646,336968,82.06,91.35,2.41,25,55,26,6163,248,6523,1177,142,5763,95,139,754,3167,189,250,8720,67,362,246,1838,42,16,168,3973,94,2294,1437,134,830,4444,19,3485,1764,3708,1504,10,2207,4174,362,354,266,72,137,1028,400,77,2821,129,884,201,2167,40,13,15,7362,165,40,6469,7966,93,14,25,166,5557,408,631,881,866,73,1685,277,40,24,119,2301,348,2935,1114,116,1974,1014,56,2378,35,39,6872,51,634,846,4170,176,120,583,424,668,188,70,38,28,76,106,888,2881,96,31,1956,35,1189,120,276,2412,235,35,9406,148,3074,722,890,200,1073,22,1247,21,136,6144,19,182,141,109,165,620,609,630,164,379,1239,47,537,214,27,16,20,2468,776,2806,383,22,4486,6447,29,13,18,1485,1572,39,0,33,304,2402,10934,701,2219,31,10070,8443,36,22,161,55,24,522,961,135,167,228,177,13,345,1733,300,0,0,85,9,34,15,573,1310,6938,899,3648,152,10151,2031,123,713,82,30,45,1845,549,278,151,57,10,257,5878,28,4196,8064,99,30,4445,231,32,56,29,2434,100,1078,1512,124,5734,59,46,871,125,358,3,1573,1641,22,103,769,259,1550,58,1917,1353,191,26,256,445,46,1412,1086,23,317,236,16,1129,227,30,135,1888,28,5688,514,11402,32,124,309,423,1516,353,0
5_S60_R1_001,395539,337792,85.4,89.85,2.41,81,84,76,8382,299,6741,891,340,6294,185,225,1690,2936,316,220,7564,73,375,220,3407,34,39,258,3447,129,2463,1481,42,1291,4410,34,4165,3012,3914,1715,7,2218,4356,298,640,527,57,200,1643,781,72,3669,173,611,369,2755,55,56,37,7018,163,36,7132,5760,96,28,28,265,4599,359,1036,1169,1173,136,2461,277,91,13,131,1766,425,2418,855,121,2275,811,59,2419,8,45,6616,65,1708,730,3166,188,99,798,2062,673,162,76,11,13,100,97,1217,2786,117,15,2103,41,1611,286,403,3042,272,56,5839,163,3195,397,1101,136,1052,10,874,27,123,4630,27,229,282,173,254,762,818,832,189,410,853,43,887,218,42,16,32,1021,1298,2598,344,28,3702,2699,44,5,16,2232,1847,36,2,26,279,3994,5919,630,2484,29,7578,9786,35,26,66,47,36,981,846,183,287,270,154,36,351,2318,329,0,0,84,23,73,19,1259,2090,6875,1237,3793,254,7386,1974,145,895,123,33,104,2424,474,387,170,72,17,437,5106,45,6169,7946,200,32,4270,233,41,92,24,3141,206,1418,2073,195,4096,121,104,1079,255,449,8,1269,1625,35,124,718,207,1770,41,1981,1727,242,60,445,586,72,1109,2277,28,614,351,31,1214,224,85,168,2498,594,7094,850,5821,78,122,342,559,1730,231,0
25_S38_R1_001,399031,325547,81.58,94.74,1.56,21,63,48,6022,294,6692,726,156,5173,139,247,634,2646,283,247,6950,72,340,291,1454,38,27,424,3037,113,2225,2092,287,3869,4428,25,3493,2913,3943,1603,65,1792,3712,275,594,336,96,142,1059,575,89,4211,177,861,236,2885,38,25,20,6399,127,64,5949,6296,124,15,61,130,4099,322,977,1002,1484,80,2320,335,68,16,124,2415,417,3160,959,58,1929,1002,55,2808,118,36,4753,72,1536,657,3836,164,92,417,1918,854,140,87,21,39,32,94,557,2920,98,46,1810,39,1403,153,340,2458,306,31,5161,187,2819,681,656,181,856,14,901,13,110,6421,25,252,111,126,263,536,793,970,105,332,906,44,424,220,35,13,33,2648,804,1799,360,22,5012,5875,34,4,19,2138,1290,33,1,357,405,3816,8526,696,2280,13,8266,9729,72,33,105,1,33,511,624,173,149,134,238,12,476,1797,344,0,0,142,11,47,4,1178,1454,7102,1100,4018,169,6016,1981,141,779,101,89,57,2712,773,370,205,78,12,442,6519,22,3659,4159,172,25,5822,184,22,77,28,3063,151,780,2061,206,4547,64,53,776,164,363,21,1529,1692,13,111,784,162,1315,56,1676,1464,162,36,293,475,392,1286,1419,4,565,396,25,1207,185,38,503,2140,249,7548,601,6543,53,250,217,552,1355,290,0
11_S2159_R1_001,321753,231607,71.98,85.34,1.99,11,33,8,3088,203,5220,310,71,3142,62,156,1761,2023,151,104,7027,11,273,83,1639,31,9,127,1126,59,1918,878,126,2194,3894,12,1917,999,2914,1418,8,941,2907,102,222,164,560,38,441,237,34,2712,150,482,69,1305,21,9,5,4831,213,33,3820,7132,111,16,146,106,3762,359,181,177,608,53,1444,371,48,14,154,1910,287,1455,742,38,796,657,10,1867,2,25,1895,27,608,555,1653,204,61,194,144,448,48,19,11,31,91,129,673,2295,113,120,855,51,343,48,233,1487,67,9,9976,67,2127,586,817,264,399,26,466,33,87,3390,7,180,33,96,67,355,634,555,39,495,815,20,166,57,18,29,8,2367,219,2721,480,2,2688,4478,20,1,36,604,710,10,1,81,352,2115,15085,360,1748,32,7863,3939,65,15,71,24,36,366,315,59,199,150,58,13,508,788,161,0,0,23,13,11,1,469,968,3547,467,1318,140,3602,2884,55,487,36,5,19,2009,666,429,108,37,1,114,4117,8,2526,2684,36,21,1735,97,10,26,5,1987,101,387,535,40,2484,11,29,502,34,200,2,769,1367,12,384,810,412,444,38,1130,695,289,23,130,429,139,1470,1001,14,186,169,5,497,185,10,81,694,331,7118,196,8324,22,151,189,158,892,120,0
14_S2163_R1_001,215591,136291,63.22,81.95,2.44,10,21,6,1655,121,2785,94,63,2337,36,88,443,1119,170,83,4394,9,138,70,684,19,13,108,906,32,813,542,65,825,1814,5,1212,553,1230,589,1,648,1648,81,154,52,128,59,315,137,28,1242,75,383,67,808,9,7,10,2587,81,26,2385,3403,54,10,47,57,2005,195,122,147,341,22,668,157,23,15,82,987,161,947,378,40,456,314,12,1014,18,12,1591,27,225,283,1211,84,32,178,905,329,70,16,6,18,68,61,568,1091,56,36,669,13,326,46,133,967,51,13,4944,49,1172,370,593,120,352,13,372,10,53,2270,18,112,37,52,59,207,376,261,37,203,424,11,142,52,13,18,9,1427,167,1263,170,3,1531,2810,12,2,19,344,519,11,0,9,129,873,8195,308,883,8,5375,2747,23,9,68,15,23,219,311,45,117,84,46,6,355,431,103,0,0,24,4,44,2,181,505,2451,276,750,77,2414,917,35,275,17,10,17,864,410,113,49,22,1,115,2421,4,1306,2661,32,13,1164,50,8,17,9,1052,43,293,362,33,1877,13,8,303,20,146,2,686,693,5,86,431,132,369,21,755,482,119,6,92,244,109,642,468,12,148,123,6,335,102,17,35,428,6,3385,160,8051,17,59,128,143,528,106,0
4_S2152_R1_001,284398,199290,70.07,89.85,2.08,18,43,12,2937,186,3783,185,73,3159,51,118,742,2011,287,104,4519,12,316,186,1026,43,21,127,1932,58,1243,828,65,936,2124,16,1633,910,1851,961,16,1007,2177,200,196,140,123,81,535,270,23,1845,101,758,150,1162,30,7,13,3901,129,39,2978,4269,77,14,53,88,2809,331,254,318,427,27,1032,269,33,46,124,1929,312,1568,937,61,813,690,36,1784,35,19,2561,56,870,610,2509,119,78,249,3172,576,84,24,14,31,85,125,716,1755,86,60,1249,40,481,49,252,1317,124,10,6553,150,2016,864,814,204,891,13,968,16,120,2246,22,190,57,118,113,405,606,486,76,422,964,35,240,111,27,12,22,2963,232,2259,329,8,2469,4481,46,6,24,485,847,16,0,40,260,1175,10319,524,1457,9,6647,3107,66,32,107,27,54,309,413,72,226,208,169,4,462,732,221,0,0,68,6,16,2,309,1026,3172,454,1146,113,4656,1738,99,465,54,11,11,1137,696,312,120,27,2,166,3512,2,1917,4028,59,18,1966,126,17,49,9,1382,81,557,635,48,3384,20,14,489,51,202,7,1059,1040,10,147,855,217,658,54,1219,721,195,17,137,339,102,1193,611,5,246,179,12,424,186,15,157,694,124,2675,254,5995,30,108,251,243,892,227,0
70_S67_R1_001,385111,322182,83.66,95.11,1.65,39,58,34,6901,268,6737,584,195,5263,106,186,703,3213,238,243,7822,48,336,191,1521,40,32,204,3220,136,2106,1234,224,863,3593,30,3863,2195,3853,1522,17,2012,4047,295,582,292,55,133,1154,518,76,3128,125,741,207,2422,34,20,23,6836,127,39,6456,7310,104,9,33,225,5011,345,795,829,1120,97,2063,284,76,17,169,2022,349,2781,1026,107,2533,1081,50,2560,2,49,5958,59,1357,667,3764,175,112,451,2222,721,187,63,16,41,51,80,1079,2636,106,41,2026,29,1254,152,330,2254,309,37,7184,230,3678,769,854,196,910,17,1202,12,112,6305,14,170,181,152,186,722,692,678,160,435,1059,27,514,213,37,18,15,1786,1132,3418,356,11,3872,4234,36,12,23,1930,1412,48,1,22,307,3592,8393,657,2399,21,8433,8203,40,15,101,61,21,808,945,122,203,204,194,18,414,1931,280,1,0,107,17,42,12,832,1840,6956,989,3537,205,8459,1814,130,873,114,25,66,1842,568,287,141,61,10,378,5174,15,4721,5184,145,23,4571,352,19,76,25,2694,170,1078,1931,164,4461,39,49,960,178,394,11,1552,1638,17,138,904,265,1585,47,1824,1475,171,42,274,446,122,1296,1604,15,327,397,10,964,232,58,239,2077,418,6105,581,6142,58,127,257,577,1448,249,0
55_S50_R1_001,365687,310709,84.97,90.98,1.75,48,103,61,8195,257,6292,2173,376,4997,139,211,672,2768,534,231,7340,49,330,184,4299,51,18,285,2604,131,2682,1251,453,956,4412,19,4133,3106,3775,1254,10,1658,3940,251,905,489,39,107,1931,638,9,3638,181,547,325,2566,28,55,32,6339,160,58,6028,6730,133,15,48,269,5400,388,1134,1089,1088,91,2882,302,56,10,95,1396,284,2177,735,107,1997,590,66,2339,2,77,5648,65,1298,692,2698,163,120,536,1791,547,110,91,8,21,92,83,1350,2385,80,17,1891,49,1623,247,386,3240,274,33,5553,79,1376,535,824,136,795,9,636,14,107,3356,18,196,227,182,200,539,1058,729,112,461,590,48,717,202,26,27,17,841,1133,2401,309,25,2998,1830,20,5,24,2738,1832,28,0,23,280,5036,5136,590,2242,23,6624,5707,34,21,48,42,41,804,987,136,206,192,128,20,342,2459,298,0,0,124,13,32,5,1441,1985,6384,1191,3288,239,6102,1761,131,1018,126,33,85,1811,415,311,120,61,17,394,4407,19,6292,5537,167,37,4876,417,24,57,18,3197,230,1285,2104,233,3545,90,65,766,283,450,7,1225,1442,30,110,796,177,1368,37,1732,1505,173,26,431,503,83,861,2472,34,491,306,15,1264,198,49,210,2218,264,7786,742,6457,43,140,246,558,1620,171,0
11_S17_R1_001,395352,324796,82.15,92.86,1.68,38,55,44,5081,242,6012,543,152,5380,107,187,829,3102,236,210,6421,55,342,292,1925,46,20,197,3563,76,2180,1477,247,1363,3783,18,3480,1998,3631,1518,21,2178,4109,339,533,154,59,152,1225,430,64,2968,60,692,244,2458,42,17,25,6388,138,99,6015,7239,109,23,41,183,5634,423,701,915,1187,80,1774,331,48,21,134,2418,411,2610,854,128,2195,991,60,2466,16,34,6673,66,793,772,3748,184,131,457,2341,829,187,82,17,27,109,86,949,2591,82,17,2138,33,1285,165,302,2393,259,32,7436,148,2715,669,817,197,1112,17,1224,22,145,6234,23,213,114,151,179,652,952,655,173,407,1158,47,537,239,30,13,16,2098,735,2731,290,18,4305,5507,34,5,35,2243,1578,55,1,25,316,2591,8334,895,2340,17,8275,8692,69,22,141,69,29,621,1154,180,229,245,213,10,349,1666,332,0,0,86,18,106,15,676,1742,6939,1023,3618,189,8608,2227,180,777,81,33,57,2045,638,356,155,38,18,297,5550,32,4364,8062,140,11,4442,255,17,89,23,2336,121,1258,1744,145,4634,40,58,790,153,327,14,1607,1558,13,92,978,190,1623,41,1880,1399,220,32,290,536,93,1445,1109,22,418,268,19,1111,221,32,242,1953,173,6562,524,8869,58,136,334,448,1698,297,0
14_S87_R1_001,286682,230543,80.42,87.97,1.59,53,37,51,7518,170,3389,605,349,2943,83,155,525,2345,851,159,3428,34,444,84,1175,32,12,413,2047,51,2316,1800,540,723,3240,13,3017,3214,3472,1026,33,669,2360,325,961,109,23,58,1934,684,88,3499,70,420,231,3601,28,18,17,4944,117,60,5137,4542,137,11,24,253,5254,469,1456,784,261,92,1495,278,16,18,50,1593,232,2282,939,12,2230,328,49,1870,17,58,1955,81,1726,369,1522,45,55,775,330,290,47,74,10,32,36,76,1231,1920,53,11,1031,37,825,264,539,3384,164,25,1167,75,2064,346,826,53,153,6,188,12,188,2095,14,153,131,123,294,397,858,1487,90,184,469,9,761,259,33,50,7,484,513,934,675,20,2141,2169,27,3,9,2600,2085,24,1,496,185,4866,2934,632,1953,13,3071,6349,43,11,47,30,12,432,307,159,163,170,108,16,145,1050,245,0,0,67,6,51,4,1775,1355,2817,1145,1564,174,2449,2229,127,828,170,45,102,2592,177,396,137,82,5,450,2907,31,3628,211,223,48,3927,409,9,30,10,3230,367,865,1396,452,2523,147,14,552,428,222,9,1284,1350,11,23,765,57,804,43,1040,612,118,21,456,336,348,1240,2926,31,1048,509,12,2186,119,46,1047,2087,310,5636,725,1938,66,138,76,1016,673,90,0
16_S22_R1_001,326182,273702,83.91,89.85,1.71,27,46,38,6192,214,6284,424,114,4687,103,159,609,2301,38,158,6313,33,248,139,1960,83,18,154,2987,79,2212,1206,201,1000,3890,6,3355,1777,3354,1253,5,1978,3524,248,377,304,47,133,1043,411,67,2860,113,636,172,1865,19,25,23,5366,112,38,5343,5162,91,19,20,159,3997,345,672,759,840,28,1845,278,50,17,147,1765,285,2112,760,105,1493,855,41,2552,30,40,5690,71,535,645,2824,156,96,530,349,655,144,69,26,12,86,71,955,2501,82,16,1705,19,1475,159,285,2681,168,19,6453,170,2075,488,743,163,754,10,1025,12,99,4549,10,162,68,95,141,487,754,528,131,359,943,35,507,208,25,5,27,2038,778,2351,302,20,3537,3891,25,5,28,2136,1327,20,1,31,283,2337,6435,670,2086,12,7674,5128,24,25,86,24,19,554,916,143,140,188,132,11,335,1521,272,0,0,71,11,43,4,610,1574,7521,890,3146,119,6680,1326,121,750,71,31,56,1354,499,219,101,44,5,238,5052,18,3923,5232,147,14,3942,269,18,55,16,1892,131,962,1524,107,3815,56,56,655,123,275,6,1529,1276,18,65,727,145,1316,28,1621,1160,154,23,225,395,43,1135,947,30,323,246,22,819,141,31,89,1706,20,5524,470,8060,48,110,223,397,1283,188,0
33_S40_R1_001,376443,318414,84.58,93.61,1.31,33,50,38,6198,238,5981,427,153,6106,125,163,720,2704,217,218,7266,41,317,217,1752,121,23,194,3143,90,2155,1412,108,1956,4070,15,3521,1836,3108,1416,26,1500,3826,265,373,178,84,180,1132,379,54,2813,139,644,206,2516,47,15,23,6949,245,69,5757,7132,104,15,32,168,4107,383,600,725,1140,79,1612,227,43,25,111,2267,382,2480,1032,99,1619,1055,50,2360,7,45,6519,49,1520,773,3704,179,100,498,4800,626,148,64,17,34,104,115,999,2476,77,38,1789,39,1327,118,281,2301,234,27,7482,148,4578,673,879,231,1039,16,1211,29,118,5869,27,205,64,113,179,563,640,551,127,388,1163,43,446,228,30,26,18,2913,637,3217,276,13,3998,5664,54,9,24,1577,1371,35,1,56,344,2415,7913,814,2354,19,9573,8848,53,19,128,50,46,547,1097,129,203,209,170,14,509,1504,252,0,0,71,17,37,10,656,1653,6847,906,3283,165,7948,2027,119,870,80,39,56,1917,585,288,144,60,8,130,5183,33,3818,6912,125,25,4368,245,18,52,15,1980,104,953,1500,111,4527,43,63,887,128,329,11,1277,1446,17,88,846,216,1381,44,1755,1222,259,26,261,413,87,1478,1311,39,342,269,11,1155,208,29,272,1956,205,6244,441,8546,44,169,264,537,1380,284,0
46_S41_R1_001,400431,305934,76.4,90.6,2.24,26,52,69,4856,315,6592,486,132,4083,100,158,633,2344,279,141,7063,58,376,295,1168,175,15,265,3299,118,1779,1580,270,2747,4010,35,2535,2249,3039,976,27,1351,3471,307,383,340,96,172,705,408,119,2974,137,755,207,2696,35,27,21,6283,161,98,5145,7403,140,23,71,165,3517,394,627,805,809,27,1528,287,55,22,110,2813,266,3423,1275,72,1490,1074,55,2559,63,23,4069,98,1875,668,1798,143,161,410,593,488,173,106,31,39,80,95,507,2659,99,75,1732,50,1015,122,289,2009,241,23,5834,242,5490,934,888,174,743,24,1245,18,150,7323,34,203,100,149,241,591,683,643,131,380,1689,40,447,247,28,22,23,3404,300,1819,350,20,4432,8959,52,4,18,2201,1158,45,4,306,376,1922,12696,794,2218,7,9299,8041,107,44,113,47,45,390,678,154,147,159,283,16,322,1008,320,0,0,154,11,65,11,646,1473,6903,923,3513,134,7027,2013,188,701,97,65,47,2107,671,414,150,41,3,297,6378,25,2346,1790,183,32,5119,163,21,80,58,2679,92,845,1177,177,5348,48,32,576,124,286,50,1471,1430,11,55,1076,209,1507,102,1557,1228,150,13,187,378,322,1437,921,43,448,282,32,877,129,28,462,1425,197,6494,485,7412,49,179,243,581,988,289,0
7_S2155_R1_001,306159,209512,68.43,88.35,1.92,9,26,11,3696,160,3996,170,81,3305,66,110,809,1697,134,110,6139,15,243,123,1336,49,22,146,1449,65,1373,756,146,1460,2873,19,1801,1025,2099,1009,15,1034,2455,194,250,129,238,69,551,243,36,2284,88,556,88,1205,28,15,13,4378,109,52,3561,4267,101,15,73,99,2829,312,181,227,484,34,1138,263,57,11,147,1655,243,1311,695,47,780,607,19,1717,15,28,2388,46,312,517,1724,118,65,268,3261,400,86,41,15,33,81,95,735,1909,80,69,1043,40,520,67,242,1762,60,10,7030,116,3287,647,695,228,604,16,530,28,101,3813,21,171,85,87,81,346,542,434,74,389,687,26,204,83,17,12,15,2482,312,2057,396,5,2943,3653,20,2,20,783,594,17,3,39,294,1426,11001,433,1489,23,6494,4316,40,21,64,41,40,340,380,70,190,142,80,7,474,732,179,1,0,26,17,40,4,333,895,3599,437,1182,104,4491,1634,54,464,48,16,29,1397,606,303,118,22,9,158,3920,1,2227,4988,45,18,2060,88,8,30,10,1493,90,478,611,37,3397,17,15,529,44,241,4,1145,1051,14,214,689,237,516,48,1122,695,191,16,130,360,128,1117,787,24,249,169,4,509,139,5,88,662,136,4175,272,7296,16,104,207,188,883,156,0
8_S2156_R1_001,220067,163055,74.09,91.35,1.8,13,44,14,2920,163,3010,465,81,2424,64,115,1032,1559,136,45,3073,23,229,110,1107,35,7,127,1178,47,1099,635,138,1072,1951,16,1441,472,1564,893,12,703,1947,163,241,147,87,83,521,235,51,1733,73,520,96,1071,27,19,5,3316,103,48,2848,4022,65,10,52,111,2783,285,221,281,356,53,988,209,25,10,90,1391,214,1202,622,49,649,455,17,1451,33,17,2205,22,352,435,1573,99,57,185,2431,441,71,32,13,24,79,73,578,1381,62,31,938,23,527,71,200,1234,121,13,4305,94,2021,590,635,193,593,23,540,11,89,2561,16,152,75,72,72,367,493,427,68,326,640,29,289,88,24,14,8,1317,326,1449,338,4,2065,2843,21,1,17,461,748,16,0,52,248,1285,5981,435,1141,14,4565,3781,48,19,66,25,28,312,314,68,161,140,89,7,415,790,203,1,0,62,10,13,2,392,854,2766,405,1258,119,2507,1371,82,422,62,17,26,1276,480,253,75,36,5,146,2886,16,1791,3287,80,17,1787,97,11,31,14,1195,68,451,690,70,2547,13,10,434,41,186,8,1211,757,4,133,575,183,528,24,1024,594,160,19,125,251,147,944,608,35,263,164,9,548,152,10,134,719,216,3187,298,5287,25,128,208,231,739,154,0
49_S76_R1_001,339364,280339,82.61,92.11,1.35,28,59,42,5188,206,6404,504,211,4817,90,150,532,2660,211,109,5999,58,259,154,2546,32,19,154,2800,71,1804,1161,204,582,3420,10,3569,2073,3111,1225,37,1099,3744,249,427,247,59,104,1339,433,47,2848,138,494,198,1874,44,20,21,5968,115,66,5600,6816,74,11,19,169,4922,307,697,815,918,80,1907,291,70,15,112,1661,271,1915,703,77,2227,790,35,2167,10,38,5906,56,1203,595,3090,176,84,379,305,499,121,67,9,9,91,74,925,2140,66,11,1686,21,1237,136,324,2055,209,24,6319,78,2986,414,717,147,632,8,1005,26,105,5033,28,144,113,109,150,536,598,639,113,374,667,31,491,166,10,14,12,1625,653,2173,222,10,3348,2879,28,12,12,2431,1378,37,1,18,208,2926,7113,517,2023,27,7990,8227,27,24,69,49,24,661,658,126,145,190,116,14,249,1809,245,2,0,88,14,61,7,735,1592,6200,842,3056,97,6863,1147,97,704,66,26,61,1148,347,174,132,48,8,132,4835,22,4710,7748,107,20,3644,240,19,62,14,2527,151,873,1540,127,3676,77,43,675,149,312,2,1073,1307,22,86,671,112,1426,38,1575,1144,128,24,247,436,52,1033,1335,18,381,217,12,869,169,44,218,1950,365,5876,487,7277,27,115,251,495,1242,220,0
43_S68_R1_001,323109,278446,86.18,90.98,1.78,21,32,28,5769,174,5557,417,146,4577,71,115,693,2684,386,208,6262,63,250,138,1768,68,25,126,3217,81,2097,1526,176,1238,3689,16,3281,1842,3171,1004,26,2032,3377,171,387,285,52,97,856,347,57,2569,101,641,211,2301,27,19,21,5692,111,34,5654,6400,88,18,33,111,3246,322,612,601,1334,47,1563,219,41,16,111,1912,336,2207,759,84,1704,939,32,2170,12,31,5128,58,1216,733,3550,145,101,423,2108,524,97,48,14,24,89,65,788,2399,83,29,1779,21,1050,144,206,2037,156,27,6542,187,2283,582,715,105,724,13,948,13,91,5427,14,181,111,108,130,432,784,560,93,320,872,25,342,131,18,15,23,2358,600,2456,233,15,4094,3926,18,5,11,2057,1214,16,2,75,232,2811,6945,545,2225,18,8302,8473,40,14,81,46,25,506,776,120,172,173,116,11,439,1289,260,0,0,69,7,58,4,633,1538,5270,856,3112,121,6564,1963,100,702,81,40,41,1419,495,230,116,60,8,221,4524,20,3594,6174,124,13,3957,231,20,34,10,2120,125,854,1459,94,3633,38,56,764,126,272,3,1191,1408,4,113,586,138,1225,21,1579,1142,200,12,237,361,99,1217,1087,16,314,216,8,845,202,35,215,1822,185,5926,510,6992,52,154,219,396,1131,173,0
69_S59_R1_001,462083,382365,82.75,87.59,2.29,31,35,71,10954,210,8621,1498,194,6307,59,159,2101,3075,493,572,10307,66,335,123,1119,85,21,213,5066,58,3233,3102,200,1114,7089,19,5042,3810,4119,1320,38,1153,3020,292,466,247,85,81,1537,507,108,4682,101,752,195,4404,37,15,36,9535,318,75,9024,8742,174,15,53,242,5205,709,1099,564,885,84,1923,350,45,27,102,3172,305,3195,1541,23,2426,838,50,3092,22,23,4325,99,2496,789,4353,103,125,758,3132,409,59,110,18,39,43,98,805,3460,90,43,1581,44,1000,195,383,4203,132,20,4373,141,1315,497,1087,107,441,18,218,22,144,6567,48,185,125,110,195,420,944,1159,74,250,672,19,792,247,17,13,12,3394,268,2663,534,7,5280,7386,35,0,10,3095,1710,31,2,844,299,4624,9844,506,3342,13,9123,13149,112,18,124,35,18,538,506,138,139,191,278,11,428,947,236,0,0,104,8,42,1,1119,2128,6094,1169,4526,127,7158,2079,127,1221,113,69,49,3966,419,532,168,101,8,336,7145,21,4284,5594,183,49,6338,303,7,46,31,4286,142,889,1860,157,5678,71,51,586,267,321,25,1478,2707,5,80,986,85,1104,51,1084,1070,200,21,267,356,447,2394,2495,25,701,435,16,1557,144,33,483,2587,30,10392,618,7083,50,198,92,773,714,169,0
42_S15_R1_001,337291,285500,84.65,92.86,1.99,36,47,43,4378,298,5401,655,219,2977,99,176,1561,2681,242,88,6009,60,313,173,2841,76,19,246,2537,117,2209,1294,144,952,3802,40,3467,2443,3841,1148,18,2050,3786,211,533,320,46,127,1442,522,95,3470,65,625,195,2117,27,33,20,5736,113,23,5923,4816,78,12,14,185,5215,403,867,1032,972,102,2258,245,101,15,118,1693,422,2089,763,99,1940,711,41,2759,13,39,5547,59,1379,677,2713,172,115,485,330,565,162,76,13,14,108,66,1174,2726,95,14,1768,39,1277,205,431,2678,245,46,5309,125,2972,421,843,184,729,25,830,16,129,4372,27,241,157,121,208,788,691,762,156,376,789,29,543,224,31,21,17,1138,1018,2415,373,19,3355,3097,22,4,14,1784,1729,32,3,28,244,3405,5526,625,2304,15,6639,5459,36,17,58,53,43,691,889,129,211,252,181,10,413,1911,228,2,0,46,20,46,2,1043,1829,6890,1058,3393,231,6650,1917,116,832,108,30,40,1943,487,275,116,52,8,316,4920,11,5062,4774,133,17,3776,268,20,58,18,3139,207,1066,1694,146,4150,81,76,786,192,451,10,1386,1405,23,109,885,211,1325,31,1742,1543,228,38,308,403,41,1068,1247,43,428,321,23,1068,219,63,183,2190,455,5865,635,6949,53,113,244,605,1489,240,0
6_S77_R1_001,351462,297914,84.76,92.11,1.35,27,59,24,6566,257,6069,467,144,5049,73,148,626,2697,353,218,7221,51,283,156,2360,50,29,194,3223,105,2318,1532,99,1777,3964,19,3729,1959,3145,1395,3,2137,3871,366,416,224,54,97,1117,448,68,2940,144,665,258,2287,39,15,15,5839,154,62,5799,5315,78,24,21,139,4516,325,685,657,1145,49,1727,234,42,12,116,1790,306,2239,760,73,1757,778,36,2160,6,36,6077,52,1612,651,3294,143,95,547,4123,611,148,70,16,14,70,64,880,2407,77,15,2021,32,1299,124,311,2005,225,32,6247,141,3732,724,745,162,767,16,1001,19,119,4929,17,179,135,140,169,546,673,570,125,358,558,32,514,195,27,9,22,1582,517,2505,220,15,3512,3786,26,6,17,2413,1322,28,1,28,331,2506,6669,722,2022,21,8037,6855,26,19,79,37,23,580,1000,118,192,207,104,14,467,1661,248,0,0,60,3,54,12,607,1232,6041,930,3266,181,8872,1628,118,822,73,24,48,1596,468,269,122,56,12,247,5089,29,3954,7306,161,24,3871,265,11,32,18,2326,103,987,1627,119,4153,32,68,803,168,333,7,1280,1365,20,78,723,248,1315,27,1733,1255,187,31,248,410,53,1295,1053,28,337,229,17,939,152,29,217,1861,377,5902,501,8870,50,138,279,485,1503,220,0
59_S88_R1_001,348492,293474,84.21,89.85,2.19,37,61,53,7073,254,6103,592,253,5656,108,181,1322,2906,363,202,7472,52,333,141,2741,32,24,184,2726,115,2188,1429,283,886,3442,20,4081,2411,3129,1130,13,2081,3987,252,530,407,63,104,1429,558,23,3195,145,551,272,2366,32,21,30,6227,106,46,5996,6648,86,16,33,142,4767,313,832,896,1253,92,2230,320,78,16,97,1517,332,2430,700,91,1909,856,34,2270,1,44,5648,56,1330,662,1549,150,73,428,353,527,117,51,9,20,73,79,941,2264,70,10,2155,43,1345,164,288,3215,222,35,6158,111,1603,449,725,147,690,5,776,5,105,4935,13,166,144,137,144,575,787,568,113,411,699,29,528,184,20,15,23,1026,1197,2387,209,23,3479,2673,27,2,15,1833,1419,39,0,17,228,3524,6453,724,2059,15,6934,6509,24,17,91,46,23,593,861,90,179,177,109,13,311,2015,282,0,0,90,5,27,8,886,1686,6106,995,2731,176,6514,1272,101,714,78,17,62,1964,481,268,122,24,8,301,4573,29,4624,7867,120,28,4001,294,21,71,4,2768,184,942,1850,164,4171,62,54,750,190,297,15,1101,1443,23,139,765,141,1489,43,1974,1324,281,33,302,349,55,1053,1387,23,441,236,17,1287,84,48,163,2097,458,6537,502,7274,48,96,246,548,1403,164,0
67_S28_R1_001,19899,16780,84.33,45.86,24.36,7,10,2,260,18,267,68,21,228,13,13,69,189,30,17,270,6,28,28,141,7,2,24,130,12,143,97,14,105,244,2,141,118,170,90,2,95,237,19,41,27,5,15,69,50,13,146,11,59,27,175,11,5,5,270,17,8,293,335,13,5,5,16,236,34,44,65,60,7,125,24,6,4,10,118,32,147,85,18,100,69,9,150,4,4,209,7,80,43,143,19,11,35,110,48,15,5,2,2,8,11,81,116,16,6,125,6,58,22,25,129,34,6,268,10,152,33,52,25,87,3,71,1,10,282,2,16,12,19,23,54,72,62,18,32,76,1,36,19,5,6,1,127,59,156,21,3,209,224,6,2,2,121,103,7,1,10,27,188,249,48,142,3,282,323,6,2,9,3,2,47,53,16,18,18,15,3,37,119,30,0,0,8,1,5,1,64,100,237,67,143,22,228,132,10,61,10,2,10,133,50,25,6,6,4,34,230,5,235,195,15,2,232,25,4,2,4,117,19,71,87,7,212,9,6,60,23,35,4,90,106,3,6,49,21,80,5,107,81,20,3,20,36,13,106,98,1,43,23,0,90,14,10,24,118,29,293,44,257,2,6,34,53,91,26,0
3_S2151_R1_001,192607,125340,65.08,89.47,3.27,126,98,23,3800,162,538,551,364,1793,78,261,375,1002,227,40,756,12,245,82,1904,29,6,290,745,64,1432,332,328,499,1379,25,1322,1678,1579,493,4,412,1155,211,1071,165,19,69,1639,558,65,1929,161,159,189,1203,16,69,13,2442,35,30,2292,1843,41,16,44,196,2280,247,787,665,58,95,1307,265,87,4,121,333,179,785,307,18,1877,144,48,814,4,42,1739,28,325,363,504,66,71,577,149,208,47,56,6,17,52,56,958,867,55,6,853,33,836,229,412,1667,153,42,801,15,368,133,424,35,148,17,168,13,70,544,12,120,388,181,197,369,685,589,66,233,204,39,667,152,30,27,22,176,1152,644,351,10,682,363,11,2,17,1698,1057,22,2,34,155,2782,855,351,880,7,940,3363,11,8,13,16,17,662,121,83,175,139,34,24,96,1207,166,0,0,69,18,35,3,1184,722,2079,805,823,211,1028,689,128,483,125,37,102,1225,149,121,123,57,9,432,1092,20,2938,1999,118,24,1049,452,20,78,3,1873,318,550,1158,308,1621,312,10,315,404,361,11,490,379,15,33,320,85,719,30,349,418,110,32,533,221,162,388,1298,14,604,210,10,892,247,62,307,1173,192,2832,678,940,40,23,114,542,546,72,0
31_S61_R1_001,304481,16936,5.56,52.63,22.61,32,21,4,290,47,197,105,40,186,20,39,58,133,50,15,226,18,30,31,194,12,3,35,99,27,144,80,34,70,186,10,113,133,156,84,8,110,196,31,82,34,9,15,87,61,18,168,19,46,30,144,4,29,10,224,17,8,294,261,10,7,23,38,212,30,53,71,65,17,148,20,30,3,19,100,28,133,59,6,141,44,11,150,6,23,217,14,51,49,118,24,13,60,89,54,10,13,0,4,9,9,88,124,3,12,113,11,102,42,53,146,48,24,212,20,76,40,61,11,60,3,60,1,11,180,4,22,44,17,27,55,56,71,18,31,56,11,63,25,16,9,4,83,127,120,39,1,146,180,3,8,5,125,98,6,2,8,19,220,191,45,108,0,217,277,5,7,13,9,3,62,44,11,33,34,19,13,29,162,29,0,0,10,6,11,2,107,107,203,72,149,33,175,99,20,70,26,6,29,121,46,39,6,18,10,51,191,8,255,181,25,10,192,41,11,6,2,131,43,58,101,40,186,44,10,73,65,45,208,94,74,7,9,58,11,86,11,117,97,18,11,55,35,15,85,124,9,54,28,3,89,37,19,27,110,40,223,75,203,12,10,23,58,111,17,0
19_S91_R1_001,370319,324560,87.64,90.98,1.43,36,61,27,7352,319,6253,3695,183,4999,106,199,731,2862,263,194,6890,51,331,160,3324,122,31,283,2959,81,3088,1500,288,2248,4155,33,4115,2690,3662,1813,21,2295,4308,210,701,444,56,127,1377,540,76,3562,160,707,269,3005,30,19,22,6382,184,38,6539,6664,98,22,35,117,3980,430,939,874,1631,87,2390,232,42,6,129,1868,444,2749,975,101,2744,921,56,2450,6,48,6307,57,1952,768,1645,194,93,639,2309,611,111,66,17,21,123,53,1200,2784,95,23,1888,43,1361,181,299,2821,265,30,6611,102,2123,506,853,172,1062,19,829,16,119,4465,25,192,209,162,169,607,784,713,134,411,784,20,560,222,23,14,17,1499,754,3632,331,15,3758,3383,29,12,19,3006,1407,21,2,36,370,3660,5708,638,2413,14,7527,8539,30,10,104,13,38,810,938,140,148,197,134,14,636,2385,296,0,0,73,17,84,6,942,1685,6425,1221,3568,204,7075,1603,113,817,92,36,66,2559,708,283,90,78,7,317,4518,14,5312,6938,194,26,4348,335,13,71,4,2697,179,1056,2010,141,3901,64,75,1071,214,514,11,1295,1705,26,83,880,190,1368,49,1801,1518,253,27,329,490,70,1299,1924,30,419,420,21,1193,189,56,275,2356,565,6901,728,6766,44,134,247,608,1555,212,0
21_S44_R1_001,341671,277799,81.31,92.86,1.61,24,31,40,5924,242,6017,1200,126,3959,73,161,1242,2411,515,247,7606,45,288,163,1613,43,14,274,2611,57,1864,1143,182,2387,3761,8,3032,1998,2931,930,20,952,3124,272,452,311,72,109,883,388,69,3119,103,617,187,1206,36,9,11,5657,171,49,5783,6602,116,12,56,148,3930,288,624,635,988,26,1613,270,23,9,90,1967,251,2737,837,46,1408,713,24,2078,37,36,4776,55,1302,540,2722,119,81,384,365,420,139,58,18,22,36,60,684,2498,96,30,1466,24,1345,146,257,2239,193,17,5444,158,3964,688,794,109,561,24,873,17,122,5159,26,167,69,102,147,509,584,576,96,296,776,30,467,224,25,13,20,1863,631,1758,368,13,3860,4974,19,5,17,2111,1123,30,1,361,258,2337,7785,764,2109,11,7451,8148,73,25,86,4,26,443,640,115,172,166,184,8,303,1145,262,2,0,72,8,28,3,670,1062,6877,892,2520,144,6386,2064,103,723,78,46,44,1948,505,262,103,48,9,251,5625,18,2924,4157,135,13,4683,89,12,52,18,2570,91,683,1320,189,3237,50,41,760,109,299,29,1137,1315,11,60,995,163,1153,46,1543,1165,175,22,223,316,292,1295,993,22,403,285,25,965,154,22,373,1622,167,7168,413,7197,40,175,215,468,943,179,0
61_S74_R1_001,273265,223783,81.89,85.34,3.06,24,53,28,3831,146,4507,386,103,3730,62,126,536,2272,278,85,5324,16,251,137,1774,19,13,134,2215,65,1747,845,199,703,2796,8,2777,1764,3027,667,10,993,2837,187,322,269,27,91,999,329,63,2387,89,449,191,1630,33,16,6,4999,68,36,4715,5203,38,15,17,138,3271,263,626,697,478,32,1496,221,31,15,77,1473,206,1685,585,77,1204,488,22,1793,1,28,4639,59,1142,464,2589,119,76,414,2750,422,115,57,11,13,80,56,755,1789,40,6,1320,32,964,95,262,1718,145,20,5147,112,1294,355,589,124,655,8,612,6,62,3548,16,113,48,95,99,440,518,445,78,322,525,16,401,140,19,15,19,1401,756,1811,171,11,2648,2368,15,6,16,1506,1225,22,1,13,162,2260,6098,444,1472,7,5684,7270,21,15,48,41,25,425,540,95,96,124,95,9,214,1251,168,0,0,67,15,33,11,637,790,5053,652,1950,126,4666,1334,98,517,65,10,40,1451,329,161,86,37,8,194,3657,19,3595,6012,82,22,2894,200,15,37,4,2015,117,883,1262,107,3720,48,36,569,89,231,3,1050,588,8,43,466,100,1156,25,1257,929,97,14,219,268,35,827,965,12,278,174,8,891,160,31,117,1770,308,4470,467,5319,32,70,150,343,955,153,0
40_S73_R1_001,242598,193034,79.57,87.59,3.29,1335,818,87,4689,366,1121,3107,1236,752,485,1625,288,892,810,337,1452,319,175,113,3237,55,52,875,236,649,2272,272,433,863,781,209,683,1447,984,513,75,420,1147,444,3428,588,9,136,2502,910,257,2886,408,163,158,1732,55,1375,115,1892,168,24,2565,1812,93,103,229,840,3229,403,1479,1538,453,742,2468,143,774,3,123,192,88,933,151,33,2558,122,94,598,23,675,1060,46,349,171,254,236,160,865,350,229,51,83,39,69,151,75,2038,623,82,44,804,223,1966,1867,450,2316,465,476,533,14,196,67,697,36,139,15,107,55,104,284,11,180,1670,391,353,402,610,777,85,225,130,148,1297,288,204,172,97,146,5175,491,503,31,396,175,18,6,19,2409,1179,51,11,239,55,4126,320,424,426,36,319,2390,25,31,28,116,23,1479,222,181,244,405,36,268,87,2294,140,0,0,75,40,106,50,3625,515,1267,1308,1019,557,456,494,139,1020,758,141,1003,1975,139,212,84,624,127,1813,513,187,3939,1376,641,93,1114,941,130,182,1,3100,1993,414,1785,1466,833,2787,245,919,2399,1283,1,294,260,64,92,235,65,368,37,589,1180,523,101,1764,308,758,265,3604,470,1296,355,177,1551,350,847,767,1050,1330,680,2342,491,541,24,221,963,872,34,0
7_S89_R1_001,517396,13961,2.7,38.72,15.44,4,4,1,181,12,196,45,14,149,6,7,41,103,11,11,191,4,21,8,94,2,1,13,115,6,101,70,9,65,163,2,111,97,135,65,1,86,130,15,29,18,4,15,68,23,4,131,7,35,18,99,3,4,2,209,12,4,229,220,5,0,77,11,142,23,30,43,45,8,104,16,1,4,8,85,22,90,36,3,91,34,5,122,0,2,151,3,56,39,105,10,1,28,87,41,16,5,0,1,3,4,42,95,7,1,88,1,98,16,24,86,17,4,200,7,87,26,32,15,47,0,66,1,7,166,1,9,13,15,7,32,55,31,6,22,54,4,21,8,2,0,1,79,48,98,15,2,143,144,2,0,0,76,72,1,0,2,14,136,205,31,118,0,211,289,2,2,8,2,5,37,35,5,11,13,10,0,24,93,23,0,0,7,2,3,1,36,77,183,31,115,10,193,93,11,36,11,0,3,86,32,14,5,6,4,16,187,5,153,206,13,1,169,16,2,4,0,122,7,41,58,6,171,9,2,49,9,20,2046,67,75,0,3,26,15,59,4,55,50,8,4,14,33,5,48,67,1,24,18,2,41,11,1,11,71,18,188,28,220,3,4,15,52,88,10,0
29_S12_R1_001,419462,365013,87.02,93.98,1.4,54,92,94,7329,339,7011,683,441,5683,127,310,1115,3160,346,189,8108,65,375,184,3894,94,28,289,3283,121,3349,2149,199,1950,5528,43,4937,3658,5437,1588,48,2437,4075,429,1074,435,77,120,1964,771,134,5050,158,706,228,2928,62,21,28,7832,249,56,7593,7899,144,14,72,259,6457,493,1218,943,1862,167,2724,297,114,18,119,2095,333,2780,960,44,2892,987,75,2915,8,66,5956,87,1809,784,3265,128,121,492,2962,831,79,112,23,50,138,108,1442,3473,93,42,1870,54,1696,311,547,3868,236,54,5626,119,807,470,1404,174,651,25,649,23,133,3875,32,262,161,199,309,713,905,1326,136,551,691,34,872,330,52,43,27,1069,1245,2396,517,17,4625,4477,22,5,9,3024,2490,27,2,166,362,5340,6884,644,3075,26,5988,9828,43,20,136,43,26,1121,768,147,253,269,168,18,547,2379,293,0,0,116,24,139,16,1830,2387,6839,1331,4495,320,5033,2544,194,1196,160,58,111,3342,457,378,204,89,19,535,5347,62,6390,4214,235,58,4908,439,22,73,32,4728,363,1003,2422,340,3727,122,91,1110,348,428,17,1647,1995,15,170,1141,124,1610,61,2191,1758,279,53,512,516,269,1558,2259,14,959,552,29,1835,244,64,624,2964,448,9145,1143,4836,67,320,203,1005,1530,196,0
32_S52_R1_001,415014,355099,85.56,92.86,1.94,36,64,38,7777,310,7773,604,183,6154,130,188,717,3511,468,213,8177,60,356,205,2756,57,26,230,3649,115,2396,1964,278,1474,4667,16,4611,2600,4471,1511,7,2472,4836,335,567,369,91,107,1391,525,68,3730,182,677,246,2880,41,19,23,7353,194,38,7521,7805,102,26,32,161,5674,427,834,887,1953,99,2201,282,90,24,116,2204,392,2620,928,126,1995,1085,48,2555,42,50,6965,59,1990,791,2175,193,93,463,2785,831,130,51,15,20,62,86,1103,3109,90,27,2467,36,1572,193,270,2631,247,24,8310,113,2651,615,941,247,1062,12,1089,18,131,5612,29,233,153,129,206,597,850,628,129,445,1070,21,583,186,29,25,24,1575,698,3088,350,20,4602,5100,30,13,27,2822,1122,37,3,31,402,3435,8232,629,2600,13,8939,9795,27,31,118,30,40,736,996,134,217,245,157,15,584,2072,276,0,0,74,10,35,11,903,1970,7226,1056,2987,164,9447,2279,129,948,84,24,69,2315,809,358,127,69,10,332,5600,18,5329,5435,140,22,6038,295,14,76,8,2795,175,1046,1943,140,4493,55,75,929,183,350,11,1537,1685,22,113,831,239,1641,47,2011,1418,225,20,317,472,38,1349,1392,17,442,290,23,1454,249,41,249,2367,476,7628,548,10090,50,171,271,603,1837,258,0
17_S62_R1_001,412424,351344,85.19,90.98,2.1,50,93,72,8625,307,6954,759,257,5770,123,225,1751,3210,320,239,8410,63,400,247,3452,87,36,270,2988,111,3068,1908,375,1599,4905,11,4502,3220,4034,1764,16,1538,4993,415,1018,295,56,109,1915,591,60,4365,147,654,253,3048,29,39,35,6871,151,70,7428,7193,98,23,60,240,5971,406,1144,1209,1206,113,2875,367,96,31,106,1828,358,2582,767,85,2146,995,75,2596,25,50,7043,52,894,884,3653,142,127,513,4006,639,120,53,9,28,110,90,1273,3312,84,24,2199,20,1705,233,469,3293,308,51,6437,97,792,465,1079,170,726,9,717,9,123,4397,20,293,198,176,232,642,864,810,133,394,749,41,685,217,43,25,22,1170,1535,2639,383,17,3815,3272,21,4,12,2707,1884,36,3,60,342,4536,6480,659,2602,21,7981,6961,37,21,78,48,33,894,820,136,214,204,135,20,429,2175,362,0,0,87,9,42,9,1324,1559,7833,1297,4055,232,7128,2130,143,922,106,31,74,3172,642,258,150,53,8,382,4914,32,5653,7987,125,33,4449,399,13,43,20,3376,285,1275,2169,206,4251,88,57,1089,219,464,13,2019,1628,25,87,909,201,1707,43,2299,1483,214,45,392,596,131,1283,1901,49,463,433,18,1349,106,67,161,2684,34,9062,1194,7180,63,230,230,771,1655,235,0
35_S2_R1_001,332889,285263,85.69,92.11,1.74,57,87,33,8547,228,6030,881,284,4091,106,300,1521,2290,253,156,6427,29,320,126,3610,30,13,247,2128,101,2373,1385,397,1052,3942,19,3868,3522,4403,1096,10,1862,3872,208,885,366,41,110,2217,666,87,3975,186,444,208,2322,25,26,18,6058,134,21,5617,4815,74,10,24,178,5498,334,1000,938,1001,101,2950,291,68,13,56,1185,389,1837,590,62,2226,463,46,1980,16,40,5184,64,1159,621,1928,152,80,470,1322,439,86,45,6,28,95,60,1524,2612,52,12,1653,41,1558,266,411,3184,291,18,4371,64,1106,238,808,90,493,7,479,14,62,2501,21,170,138,164,183,567,1053,775,138,453,411,20,625,167,32,16,15,568,1412,1992,321,11,2757,1612,20,6,19,2635,1970,24,1,14,213,4384,4087,539,2124,15,4718,5081,25,21,47,65,34,985,916,86,232,160,89,13,332,2479,250,0,0,77,12,63,15,1752,1970,5989,1303,3388,225,5111,1666,129,880,109,22,54,1923,347,214,131,61,10,395,4038,10,6276,7056,170,13,3487,422,18,50,13,3237,285,1010,1965,226,3511,96,60,681,284,430,6,1082,1241,22,116,609,144,1159,29,1531,1360,206,27,471,509,55,777,2111,24,502,312,12,1200,238,61,115,2345,609,6739,858,4457,53,90,191,673,1707,144,0
B01_negative3_S2244_R1_001,375146,9168,2.44,39.47,13,8,10,6,114,11,91,28,26,70,7,21,35,75,17,5,102,2,9,10,78,7,0,13,54,10,68,26,21,39,86,4,55,40,81,38,1,52,89,19,36,21,9,8,45,18,7,70,4,18,9,57,3,11,1,129,8,2,132,123,6,1,163,5,94,13,19,25,18,10,81,13,17,4,11,50,13,54,32,5,55,16,7,61,1,6,70,2,28,28,46,6,4,34,41,23,9,2,0,2,8,3,36,54,2,2,39,6,38,18,21,66,12,6,115,7,41,21,25,5,24,1,15,2,7,76,1,11,19,13,11,29,29,41,7,22,22,4,30,4,4,5,4,53,58,61,24,2,66,49,1,0,1,48,38,2,0,1,12,79,126,22,54,0,111,102,0,0,7,8,2,33,24,3,8,13,1,5,12,55,10,0,0,3,0,4,1,37,50,86,46,65,17,81,62,8,23,10,2,6,50,18,10,2,4,2,27,74,1,102,103,10,0,66,15,2,4,1,48,25,38,40,9,68,15,1,42,9,22,1706,30,34,3,3,33,13,37,1,47,37,12,2,19,22,4,34,59,6,25,9,1,18,13,6,14,36,19,103,49,150,5,4,13,30,42,9,0
36_S54_R1_001,371666,305744,82.26,91.73,3.73,16,41,14,4164,266,6250,424,142,5445,112,132,1434,2869,214,130,7021,51,295,243,1554,43,27,191,3332,91,2084,1423,113,1229,3680,29,2916,1731,2973,1245,21,1663,3866,305,365,363,77,159,960,405,68,2506,131,703,208,2351,24,28,29,5673,206,91,5557,7115,97,14,37,180,4580,388,612,858,1365,80,1635,235,46,22,139,2421,365,2536,1013,156,1763,1059,36,2295,4,31,6534,81,1434,691,3941,169,128,325,2505,764,163,87,13,21,113,76,1059,2342,69,30,2082,41,1144,136,273,1931,271,30,8116,220,1003,788,891,241,1037,15,1324,22,151,6358,22,215,117,124,180,597,787,553,171,366,1143,40,521,218,39,10,23,3254,463,3159,300,17,4388,6292,48,8,22,1873,1282,43,1,43,343,2253,9464,675,1992,33,9502,5884,28,27,136,72,31,513,995,169,147,237,194,11,472,1512,276,0,0,149,10,75,10,531,1591,7610,807,2825,146,8855,1449,132,676,85,26,50,1340,621,328,116,38,5,297,5494,33,3621,4618,171,15,4127,221,17,66,33,2119,135,1120,1820,121,4576,36,69,817,147,310,19,1959,1465,29,85,835,258,1452,60,1817,1272,236,23,240,331,65,1452,844,18,321,258,20,940,169,58,268,1626,200,4964,486,9083,56,174,311,501,1391,331,0
37_S1_R1_001,497354,424804,85.41,93.61,1.27,67,117,106,9523,449,7796,1261,443,6840,198,318,1211,4203,813,165,8632,55,577,413,4222,94,52,430,3999,199,3651,2419,242,1087,5169,42,4354,3913,4690,2289,22,2738,5594,507,771,706,44,285,2111,896,149,4645,120,1138,395,3294,103,56,37,8370,241,107,7937,7614,122,31,42,369,7391,668,1458,1625,1821,195,3435,533,116,27,205,2580,623,3326,1228,157,3064,1098,139,3929,6,77,8611,102,1690,1095,2548,281,160,836,757,1070,281,174,24,33,206,132,1668,3694,133,27,3201,69,2698,329,582,4338,559,54,7218,179,1192,777,1638,227,1409,22,1433,58,184,5657,44,349,310,262,343,1079,1608,1257,299,685,1379,77,1083,424,64,29,45,1646,1716,3521,653,42,4954,4487,57,13,35,2856,2534,71,8,18,393,4802,7820,1223,3323,40,8110,7773,29,35,123,109,52,1191,1373,254,364,308,228,34,667,3837,599,0,0,227,41,77,29,1769,3143,8579,1813,5177,354,7961,2806,312,1187,250,60,134,3158,794,403,208,99,24,616,6082,35,7079,6323,297,44,5462,673,37,135,19,4534,348,1766,2884,386,5376,114,68,1247,403,653,17,2342,2298,39,131,1539,258,2607,75,2821,2384,298,79,591,732,77,1797,2369,65,843,507,33,1789,416,113,221,3442,389,7906,1117,7426,83,111,488,1168,2466,416,0